,token,valid,no_at_fault_collisions,drivable_area_compliance,ego_progress,time_to_collision_within_bound,comfort,driving_direction_compliance,score
0,36b0118c36d95b3f,True,1.0,0.0,0.0,1.0,1.0,0.5,0.0
1,35d813d8de5854f9,True,1.0,1.0,0.24617667075946295,1.0,0.0,1.0,0.5192402794831096
2,a58d5374dae0552a,True,1.0,0.0,0.0,1.0,1.0,1.0,0.0
3,38b01bebf6df5fb8,True,1.0,1.0,0.6020252119315344,1.0,1.0,1.0,0.8341771716381393
4,ed15c501931652d8,True,1.0,1.0,0.810929771573429,1.0,1.0,1.0,0.9212207381555956
5,bff12156468e5f16,True,1.0,1.0,0.754838214292204,1.0,1.0,1.0,0.897849255955085
6,aa9a9fdb89275acb,True,1.0,1.0,0.8849631994457201,1.0,1.0,1.0,0.9520679997690501
7,031876d493e65cdd,True,1.0,1.0,1.0,0.0,1.0,1.0,0.5833333333333334
8,3c8b59aa1b175a25,True,1.0,1.0,0.32004117905053137,1.0,1.0,1.0,0.7166838246043881
9,9ac3d5ecd8b55965,True,1.0,1.0,0.6794529730318085,1.0,1.0,1.0,0.8664387387632536
10,24ae3c9d96485b98,True,1.0,1.0,0.6205669775216877,1.0,1.0,1.0,0.8419029073007032
11,04135bd8a81759fa,True,1.0,0.0,0.0,1.0,1.0,1.0,0.0
12,6f4abd78d3da56fe,True,1.0,1.0,0.41673703231314224,1.0,1.0,1.0,0.7569737634638093
13,e461c5837379517d,True,1.0,1.0,1.0,1.0,1.0,1.0,1.0
14,3fbc9ed475f55789,True,1.0,1.0,1.0,1.0,1.0,1.0,1.0
15,6774548111cb5ba4,True,1.0,0.0,0.0,1.0,1.0,1.0,0.0
16,2e0ec9c9c8fa51ba,True,1.0,0.0,0.0,1.0,1.0,0.0,0.0
17,106da21b5dfd5c7e,True,1.0,1.0,0.40064509935593756,1.0,1.0,1.0,0.7502687913983074
18,c0b8f52197ac558c,True,0.0,1.0,0.0,0.0,1.0,1.0,0.0
19,48f75646bba35456,True,1.0,0.0,0.0,1.0,1.0,1.0,0.0
20,f8f68a72011f5946,True,1.0,0.0,0.0,1.0,1.0,1.0,0.0
21,5d822115e0355e79,True,1.0,1.0,1.0,1.0,1.0,1.0,1.0
22,a1b3a17fb07c54ef,True,1.0,1.0,1.0,1.0,1.0,1.0,1.0
23,c672f1584cb75697,True,1.0,1.0,0.0,1.0,1.0,1.0,0.5833333333333334
24,72b0239d79175353,True,1.0,0.0,0.0,1.0,1.0,1.0,0.0
25,3265e31c65705a5f,True,1.0,1.0,1.0,1.0,1.0,1.0,1.0
26,9b5c00687d4e590b,True,1.0,1.0,0.845501937925481,1.0,1.0,1.0,0.9356258074689504
27,add6e2410d5b5086,True,1.0,1.0,0.7643030237479375,1.0,1.0,1.0,0.9017929265616406
28,64a1d44d73015a60,True,1.0,1.0,1.0,1.0,1.0,1.0,1.0
29,355dadd64723531e,True,1.0,1.0,0.3667302324522001,1.0,1.0,1.0,0.7361375968550834
30,2c52f45993a257af,True,1.0,0.0,0.0,1.0,1.0,0.5,0.0
31,f383acca25ff59eb,True,1.0,1.0,0.29823930751028455,1.0,0.0,1.0,0.5409330447959518
32,e5f8dfb583be51bf,True,1.0,0.0,0.0,1.0,1.0,0.0,0.0
33,8eed113e54f65720,True,1.0,1.0,0.6346117589636795,1.0,1.0,1.0,0.8477548995681997
34,27c35bdaec645591,True,1.0,1.0,0.2947598673236367,1.0,1.0,1.0,0.7061499447181819
35,6ed00f2d55aa51a8,True,1.0,1.0,0.0,1.0,1.0,1.0,0.5833333333333334
36,2a1db78f15e55d74,True,1.0,1.0,0.18818964218300327,1.0,1.0,1.0,0.661745684242918
37,7e1f829a0de95258,True,0.0,1.0,0.0,1.0,1.0,1.0,0.0
38,4a6671190875522e,True,1.0,1.0,0.5785380549242871,1.0,1.0,1.0,0.8243908562184531
39,6d7c98517e0f5a67,True,1.0,1.0,1.0,1.0,1.0,1.0,1.0
40,af9f5f6fa1ad5182,True,1.0,1.0,0.3568735827229172,1.0,1.0,1.0,0.7320306594678821
41,dedb7c5e3604529e,True,1.0,1.0,0.2985598981533134,1.0,1.0,1.0,0.7077332908972139
42,b84cc6bcd6d75173,True,1.0,0.0,0.0,1.0,1.0,0.0,0.0
43,ab0473e852235c3a,True,1.0,0.0,0.0,1.0,1.0,1.0,0.0
44,d38905854e5f55a3,True,1.0,0.0,0.0,1.0,1.0,1.0,0.0
45,e568957bee5b5b1e,True,1.0,1.0,0.7142562358682415,1.0,1.0,1.0,0.880940098278434
46,3bff7854120758f4,True,1.0,1.0,0.33717329626450404,1.0,0.0,1.0,0.5571555401102101
47,4789245424875682,True,1.0,1.0,0.7429390947614171,1.0,1.0,1.0,0.8928912894839237
48,62b48ee81269527a,True,1.0,0.0,0.0,1.0,1.0,1.0,0.0
49,9e28afceaa155cf4,True,1.0,1.0,1.0,1.0,1.0,1.0,1.0
50,4605de88aeb05903,True,1.0,1.0,0.3846849355213394,1.0,1.0,1.0,0.7436187231338914
51,3c077c8da4615b33,True,1.0,0.0,0.0,1.0,1.0,1.0,0.0
52,6fc06c6e4d1752a1,True,1.0,1.0,1.0,1.0,1.0,1.0,1.0
53,e0c6e5c235ed5b7b,True,1.0,0.0,0.0,1.0,1.0,1.0,0.0
54,aa96f52b95b155e7,True,1.0,1.0,1.0,1.0,1.0,1.0,1.0
55,82385db0a426578d,True,1.0,0.0,0.0,1.0,1.0,0.0,0.0
56,b9f85e394ac95269,True,0.5,0.0,0.0,0.0,1.0,1.0,0.0
57,1fa7d30105dd5ebd,True,1.0,1.0,0.14276040780301255,1.0,1.0,1.0,0.6428168365845885
58,8465c2738bbc5faa,True,1.0,1.0,0.6248677070412343,1.0,1.0,1.0,0.8436948779338476
59,ec5e6f2f4d565c4c,True,1.0,1.0,1.0,1.0,1.0,1.0,1.0
60,ed76dc6f7f9c5109,True,1.0,1.0,0.3160462570143153,1.0,1.0,1.0,0.7150192737559647
61,b18f531dcca75679,True,1.0,1.0,0.5415948387168882,1.0,1.0,1.0,0.8089978494653701
62,ee835ef3f912599c,True,1.0,1.0,0.27577470485157923,1.0,0.0,1.0,0.531572793688158
63,5e8f9f6ab5695769,True,1.0,1.0,0.3473137647301153,1.0,1.0,1.0,0.7280474019708815
64,55842ddf5acd54a3,True,1.0,1.0,1.0,1.0,1.0,1.0,1.0
65,742ac4ddb9d7557d,True,0.0,1.0,0.0,0.0,1.0,0.0,0.0
66,22a56bd67d9c5183,True,1.0,1.0,1.0,1.0,1.0,1.0,1.0
67,02e78191bf845092,True,1.0,0.0,0.0,1.0,1.0,1.0,0.0
68,c18f8cfc41385d8c,True,1.0,1.0,0.34679346236525505,1.0,0.0,1.0,0.5611639426521896
69,f057a88aaf1758b2,True,1.0,0.0,0.0,0.0,1.0,1.0,0.0
70,81997d01d8f65c19,True,1.0,1.0,0.32035910510604765,1.0,0.0,1.0,0.5501496271275198
71,e579b642c3845df8,True,1.0,1.0,1.0,0.0,1.0,1.0,0.5833333333333334
72,53b96dffa6df5f49,True,1.0,1.0,1.0,1.0,1.0,1.0,1.0
73,56340678014752ff,True,1.0,1.0,0.4775235799666045,1.0,1.0,1.0,0.7823014916527519
74,a0ff0dff8e5d512f,True,1.0,0.0,0.0,1.0,1.0,1.0,0.0
75,65af3db384d05ac0,True,1.0,1.0,0.11380578934612182,1.0,1.0,1.0,0.6307524122275507
76,766a723ba30f574c,True,0.5,0.0,0.0,0.0,1.0,1.0,0.0
77,08766082c4ef5ae8,True,1.0,1.0,1.0,1.0,1.0,1.0,1.0
78,c3710fb597c05b38,True,1.0,0.0,0.0,1.0,1.0,1.0,0.0
79,8d90099a801d5682,True,1.0,0.0,0.0,0.0,1.0,1.0,0.0
80,402aa5d9a51e587c,True,1.0,1.0,0.7859201206595596,1.0,1.0,1.0,0.9108000502748165
81,a0fb759537085455,True,1.0,0.0,0.0,1.0,1.0,1.0,0.0
82,b2c8a3ec1fcc54e8,True,1.0,1.0,0.7174846891343329,1.0,1.0,1.0,0.8822852871393053
83,faa042f84c4f585a,True,1.0,0.0,0.0,1.0,1.0,0.5,0.0
84,0df7b61597705cf2,True,1.0,1.0,0.5298226402727063,1.0,1.0,1.0,0.8040927667802943
85,735f3809d5215122,True,1.0,0.0,0.0,1.0,1.0,0.5,0.0
86,f2909a9ad9cb552e,True,1.0,0.0,0.0,1.0,1.0,0.5,0.0
87,54e709ae0ac25df4,True,1.0,1.0,1.0,1.0,1.0,1.0,1.0
88,a7289f730e7f5ef2,True,1.0,0.0,0.0,1.0,1.0,1.0,0.0
89,9675b8faded55d6c,True,1.0,1.0,1.0,1.0,1.0,1.0,1.0
90,4ec9390e0cea5cde,True,1.0,1.0,1.0,0.0,1.0,1.0,0.5833333333333334
91,3b33d44fb39a530b,True,1.0,0.0,0.0,1.0,1.0,1.0,0.0
92,5a728803325e5b78,True,1.0,1.0,0.1800781501702765,1.0,1.0,1.0,0.6583658959042819
93,d8c1754607175755,True,1.0,1.0,0.9548747848767051,1.0,1.0,1.0,0.9811978270319605
94,923dda2177545f0e,True,1.0,1.0,0.3797042667214298,1.0,1.0,1.0,0.7415434444672625
95,d77a9c90baf35d87,True,0.5,0.0,0.0,0.0,1.0,1.0,0.0
96,3b8448effb715dc4,True,1.0,1.0,0.007473706885430359,1.0,1.0,1.0,0.5864473778689293
97,78f39692bcf85cb2,True,1.0,1.0,1.0,1.0,1.0,1.0,1.0
98,7ffaa3cf8bf45474,True,1.0,1.0,0.6011710990008747,1.0,1.0,1.0,0.8338212912503645
99,c635be4959ce596a,True,1.0,1.0,0.8084202717748825,1.0,1.0,1.0,0.9201751132395343
100,e4e9bb5cf9fb5e89,True,1.0,1.0,1.0,1.0,1.0,1.0,1.0
101,a1903f64f4815505,True,1.0,0.0,0.0,1.0,1.0,0.0,0.0
102,1bac9ad3b5795fb9,True,1.0,1.0,0.5224372354555177,1.0,1.0,1.0,0.8010155147731325
103,56ee72d8678154b5,True,1.0,1.0,0.39549099529696624,1.0,1.0,1.0,0.7481212480404027
104,09b2b571bb63520c,True,1.0,1.0,0.2396005875754903,1.0,0.0,1.0,0.516500244823121
105,6e201d97d1ef5b4b,True,1.0,1.0,0.2843483838948684,1.0,0.0,1.0,0.5351451599561952
106,7810122d0b665743,True,1.0,1.0,1.0,1.0,1.0,1.0,1.0
107,98b18fb255445bb1,True,1.0,1.0,0.9781653244124047,1.0,1.0,1.0,0.9909022185051687
108,f8490d92c5b65e2b,True,1.0,1.0,0.3367852637311225,1.0,1.0,1.0,0.7236605265546343
109,443099f672655d56,True,1.0,1.0,0.8349894114037064,0.0,1.0,1.0,0.5145789214182109
110,1f00a870fb3458b1,True,1.0,0.0,0.0,0.0,1.0,1.0,0.0
111,d4c0bd232e0b5c6f,True,1.0,1.0,0.261300971872717,1.0,1.0,1.0,0.6922087382802987
112,5d57c054b8155bd3,True,1.0,1.0,0.9803135186380909,1.0,1.0,1.0,0.9917972994325379
113,7c258cb6d64e5125,True,1.0,1.0,0.9299358392184516,1.0,1.0,1.0,0.9708065996743548
114,4fbb787fadf25c9c,True,1.0,1.0,0.25419926330401016,1.0,0.0,1.0,0.522583026376671
115,67ace6f3cd2051ef,True,1.0,0.0,0.0,1.0,1.0,1.0,0.0
116,72dac45a812f56fb,True,1.0,1.0,1.0,1.0,1.0,1.0,1.0
117,ac55f8a48f2f52d0,True,1.0,1.0,1.0,1.0,1.0,1.0,1.0
118,9084cb3c199750e3,True,1.0,1.0,1.0,1.0,1.0,1.0,1.0
119,58857855de47556e,True,1.0,1.0,0.5572564205737355,1.0,1.0,1.0,0.8155235085723898
120,59159c92e5d9571d,True,1.0,1.0,0.9208123049371509,1.0,1.0,1.0,0.9670051270571461
121,0715626fc800527e,True,1.0,1.0,1.0,0.0,1.0,1.0,0.5833333333333334
122,b2ad937212f85714,True,1.0,1.0,0.9366733188506565,1.0,1.0,0.5,0.9736138828544402
123,cf8a7ca3e5d95343,True,1.0,1.0,1.0,1.0,1.0,1.0,1.0
124,1b01b4ef87c951b7,True,1.0,0.0,0.0,1.0,1.0,1.0,0.0
125,b4b65ccd6ba257e7,True,1.0,1.0,1.0,1.0,1.0,1.0,1.0
126,815132c8f2b4594e,True,1.0,0.0,0.0,1.0,1.0,0.0,0.0
127,1c669b68dc3d5689,True,1.0,0.0,0.0,1.0,1.0,1.0,0.0
128,813b2926451158e8,True,1.0,0.0,0.0,1.0,1.0,1.0,0.0
129,066c0c3f45915cba,True,1.0,1.0,1.0,1.0,1.0,1.0,1.0
130,18caa25c2a115f0a,True,1.0,1.0,1.0,0.0,1.0,1.0,0.5833333333333334
131,cebac405bc31584f,True,1.0,1.0,0.47757417870671903,1.0,1.0,1.0,0.782322574461133
132,3a61d7ced3ca590d,True,1.0,1.0,1.0,1.0,1.0,1.0,1.0
133,2a7f092d10885cf1,True,1.0,1.0,0.7513709671625248,1.0,1.0,1.0,0.8964045696510521
134,6339f2317047535d,True,1.0,1.0,1.0,1.0,1.0,0.5,1.0
135,9632a1ccd0225e0d,True,1.0,1.0,0.7412361063039707,1.0,1.0,1.0,0.8921817109599878
136,97e95edf011e57a0,True,1.0,1.0,1.0,1.0,1.0,1.0,1.0
137,b037a6dedefd50c0,True,1.0,1.0,1.0,0.0,1.0,1.0,0.5833333333333334
138,f62055fb4d8153a6,True,1.0,1.0,0.8898249679285516,1.0,1.0,1.0,0.9540937366368966
139,f1b03e919a945d9a,True,1.0,1.0,0.35401341451907437,1.0,1.0,1.0,0.7308389227162809
140,258325ee3fe65b51,True,1.0,1.0,0.15189106868616697,1.0,1.0,1.0,0.6466212786192362
141,d7aa6b013c7c56ec,True,1.0,1.0,1.0,1.0,1.0,1.0,1.0
142,51e7c560a43d5a25,True,1.0,1.0,0.12825870798924424,1.0,1.0,1.0,0.6367744616621851
143,43b5a9e3bd355d96,True,1.0,1.0,0.2541203581808972,1.0,1.0,1.0,0.6892168159087072
144,4a71a24c376f5388,True,1.0,1.0,1.0,1.0,1.0,1.0,1.0
145,0ddc071278375700,True,0.5,0.0,0.0,0.0,1.0,0.0,0.0
146,6bd5db4d9e095ecf,True,0.5,0.0,0.0,0.0,1.0,1.0,0.0
147,525d50c3a0395264,True,1.0,1.0,0.9248003915706653,0.0,1.0,1.0,0.5520001631544439
148,21b54e6d58985ae3,True,0.0,1.0,0.0,1.0,1.0,1.0,0.0
149,ac6d71dda508553f,True,1.0,1.0,1.0,1.0,1.0,1.0,1.0
150,b44c4df580515280,True,1.0,1.0,0.03495213700816278,1.0,1.0,1.0,0.5978967237534012
151,8ddcdb6f215b504c,True,1.0,1.0,0.347379626259298,1.0,1.0,1.0,0.7280748442747075
152,7423d156df485c8b,True,1.0,1.0,0.623673850690896,1.0,1.0,0.0,0.8431974377878734
153,f95ed06f01b458a8,True,1.0,1.0,0.7076663926386216,1.0,1.0,1.0,0.8781943302660924
154,5d418a19150a56bb,True,1.0,1.0,1.0,1.0,1.0,1.0,1.0
155,e7a7c61c543e5b88,True,1.0,1.0,0.3137108024737516,1.0,1.0,1.0,0.7140461676973965
156,652e91c4f9b1505a,True,1.0,1.0,0.3108507708189678,1.0,1.0,1.0,0.7128544878412365
157,1c4f3c5e6d2757a1,True,1.0,1.0,0.3081424948394858,1.0,0.0,1.0,0.5450593728497858
158,a64559b4247653b7,True,1.0,0.0,0.0,1.0,1.0,1.0,0.0
159,ca9e7281adce5212,True,1.0,0.0,0.0,1.0,1.0,1.0,0.0
160,c37a081992495a0e,True,1.0,1.0,1.0,1.0,1.0,1.0,1.0
161,475241a1683159b9,True,1.0,0.0,0.0,1.0,1.0,1.0,0.0
162,449ee74c03685eee,True,1.0,1.0,0.35541071874785884,1.0,1.0,1.0,0.7314211328116079
163,46426db4636d52a9,True,1.0,1.0,0.25113788705249224,1.0,1.0,1.0,0.687974119605205
164,f32a4e9c1f425498,True,1.0,1.0,0.8022160490175473,1.0,1.0,1.0,0.9175900204239781
165,8a61b6f43a50544d,True,1.0,0.0,0.0,1.0,1.0,0.0,0.0
166,d5085a26c5915a49,True,1.0,1.0,0.6227235133333902,1.0,1.0,1.0,0.8428014638889126
167,ed43e43517f358d3,True,1.0,1.0,0.28035052459055304,1.0,0.0,1.0,0.5334793852460638
168,601bc1f8a2dd5535,True,1.0,1.0,0.24812488085059595,1.0,0.0,1.0,0.5200520336877483
169,fa7f471f19aa5806,True,1.0,0.0,0.0,1.0,1.0,1.0,0.0
170,0ac8e7379a575bb6,True,1.0,1.0,0.32701449430251706,1.0,1.0,1.0,0.7195893726260488
171,854521fe3b945040,True,1.0,1.0,0.4364578592139563,1.0,1.0,1.0,0.7651907746724818
172,2b1dfa4a1cfc541c,True,1.0,0.0,0.0,1.0,1.0,0.0,0.0
173,3c448f4385bf58e1,True,1.0,1.0,1.0,1.0,1.0,1.0,1.0
174,013f7d2193995163,True,1.0,1.0,0.36369579902432697,1.0,0.0,1.0,0.5682065829268029
175,3e09a3c33726545c,True,1.0,1.0,1.0,1.0,1.0,1.0,1.0
176,a49872d2b9165d3a,True,1.0,1.0,1.0,1.0,1.0,1.0,1.0
177,3cbed749b81d5b10,True,0.0,1.0,0.0,0.0,1.0,1.0,0.0
178,27decc74a57b53ac,True,1.0,0.0,0.0,1.0,1.0,0.5,0.0
179,e63519408deb5931,True,1.0,1.0,0.24438984061454289,1.0,1.0,1.0,0.6851624335893929
180,92a06bf5c99159f3,True,1.0,1.0,1.0,1.0,1.0,1.0,1.0
181,3efa6ffa4fe25c6c,True,1.0,0.0,0.0,1.0,1.0,1.0,0.0
182,b411f5bef10e59b7,True,1.0,1.0,1.0,1.0,1.0,1.0,1.0
183,92b7fb405f2f5ccf,True,1.0,0.0,0.0,1.0,1.0,0.0,0.0
184,83692bf833a15025,True,1.0,1.0,0.12513732641033057,1.0,1.0,1.0,0.6354738860043044
185,7cdcc814be255d9f,True,1.0,1.0,0.27430853713611625,0.0,0.0,1.0,0.1142952238067151
186,6cfeeb3aab5b5681,True,1.0,1.0,1.0,1.0,1.0,1.0,1.0
187,f0ac2804298b564f,True,1.0,1.0,0.22936058117846858,1.0,1.0,1.0,0.6789002421576953
188,44c442cba5fe5f68,True,1.0,1.0,0.9277130889837053,1.0,1.0,1.0,0.9698804537432105
189,deb0dc3f9b1854fe,True,1.0,1.0,0.324155588277851,1.0,1.0,1.0,0.7183981617824379
190,3fa2f81cff025162,True,1.0,1.0,1.0,1.0,1.0,1.0,1.0
191,d4e5d3e55e3751f9,True,1.0,1.0,0.883333881990227,1.0,1.0,1.0,0.9513891174959279
192,299305dd47bc5d38,True,1.0,1.0,1.0,1.0,1.0,1.0,1.0
193,8d7068683c385c08,True,1.0,1.0,0.32507945483486117,1.0,1.0,1.0,0.7187831061811921
194,bd67b68fea295e96,True,1.0,1.0,1.0,1.0,1.0,1.0,1.0
195,618403c227415955,True,1.0,1.0,0.0,1.0,1.0,1.0,0.5833333333333334
196,ea963d5373bd5a56,True,1.0,1.0,0.2961331546980825,1.0,1.0,1.0,0.7067221477908676
197,b214f8e744075e96,True,1.0,1.0,0.4918384869394464,1.0,1.0,1.0,0.7882660362247694
198,90a79351977a5f32,True,1.0,1.0,0.07173785400212312,1.0,1.0,1.0,0.6132241058342179
199,f4544174530b5715,True,1.0,1.0,0.6190804549030808,1.0,1.0,0.5,0.8412835228762837
200,3aa75da19a2e55a8,True,1.0,1.0,0.1384185595496963,1.0,1.0,1.0,0.6410077331457068
201,2533671fb5a05c8f,True,1.0,0.0,0.0,1.0,1.0,1.0,0.0
202,807dbc5ee447562b,True,1.0,0.0,0.0,1.0,1.0,1.0,0.0
203,e3e7831f42375ed4,True,1.0,0.0,0.0,1.0,1.0,1.0,0.0
204,4a3a4d54cc0851da,True,1.0,1.0,0.13239016699207284,1.0,1.0,1.0,0.6384959029133637
205,996fd357a40d5a5a,True,1.0,1.0,0.4267097078341173,1.0,1.0,1.0,0.7611290449308822
206,e269ac7ae792577b,True,1.0,1.0,0.09219976431763151,1.0,1.0,1.0,0.6217499017990131
207,84358d0871db53dc,True,1.0,1.0,0.19644107520989515,1.0,1.0,1.0,0.6651837813374563
208,243ea67f27195c7c,True,1.0,0.0,0.0,1.0,1.0,1.0,0.0
209,cdd7067da1925464,True,0.5,1.0,0.8258958551288407,0.0,1.0,1.0,0.25539496981850845
210,7ff41f319fa05811,True,1.0,1.0,0.9003958119527259,1.0,1.0,1.0,0.9584982549803024
211,e359f23c0429503b,True,0.5,1.0,0.7058762026804406,0.0,1.0,1.0,0.2303908755584251
212,fc4ab990e1dc5729,True,1.0,0.0,0.0,1.0,1.0,1.0,0.0
213,9820fb92380b522b,True,1.0,1.0,0.6403692097323391,1.0,1.0,0.5,0.8501538373884747
214,4615024da7765d62,True,1.0,1.0,0.33865698229353774,1.0,0.0,1.0,0.5577737426223074
215,7a994056ade950d8,True,1.0,1.0,0.41969707147938695,1.0,1.0,1.0,0.7582071131164113
216,83e30382af9d5c39,True,1.0,0.0,0.0,0.0,1.0,1.0,0.0
217,6b8791b769f05a76,True,0.0,1.0,0.0,0.0,1.0,0.5,0.0
218,624e63bf86d45ad7,True,1.0,1.0,0.12827811274453027,1.0,1.0,1.0,0.6367825469768876
219,92095189951055a5,True,1.0,1.0,0.8933874599206927,1.0,1.0,1.0,0.9555781083002887
220,01cbcd1439e05cbc,True,1.0,1.0,0.33477659968621376,1.0,1.0,1.0,0.722823583202589
221,65107c981e1c568c,True,1.0,1.0,1.0,1.0,1.0,1.0,1.0
222,a5c9bcab52165145,True,0.0,1.0,0.0,0.0,1.0,1.0,0.0
223,8bce0eb3c7b65456,True,1.0,1.0,1.0,0.0,1.0,1.0,0.5833333333333334
224,e211bc381c495980,True,1.0,1.0,0.1151809142307166,1.0,1.0,1.0,0.6313253809294652
225,e986ae1d5f0453db,True,0.0,1.0,0.0,0.0,1.0,0.5,0.0
226,077e96d483225276,True,1.0,0.0,0.0,1.0,1.0,1.0,0.0
227,69dbb083c75b5cf5,True,1.0,0.0,0.0,1.0,1.0,0.0,0.0
228,dd2b5010e1d25d72,True,1.0,1.0,0.031108095846435882,1.0,1.0,1.0,0.596295039936015
229,83ee8f2c7d655e4b,True,1.0,0.0,0.0,1.0,1.0,1.0,0.0
230,91aeae3843455c34,True,1.0,1.0,0.8178347187097303,1.0,1.0,1.0,0.9240977994623876
231,ce1f8997a8ce502b,True,1.0,1.0,1.0,1.0,1.0,1.0,1.0
232,cd00be51b43a5281,True,1.0,1.0,0.07895892956442804,1.0,1.0,1.0,0.6162328873185117
233,046fd63cb514581a,True,1.0,1.0,1.0,1.0,1.0,1.0,1.0
234,f154d7cc016a59f9,True,1.0,1.0,0.6799814726965209,1.0,1.0,1.0,0.8666589469568837
235,7cc94c33bbe052d7,True,1.0,1.0,0.73932249799803,1.0,1.0,1.0,0.8913843741658458
236,18a85f2812b45525,True,1.0,1.0,0.3135384519132378,1.0,1.0,1.0,0.7139743549638492
237,8a94ea8cb82c55ad,True,1.0,1.0,0.4040581379583369,1.0,0.0,1.0,0.585024224149307
238,dace7f508e4b5070,True,1.0,0.0,0.0,1.0,1.0,1.0,0.0
239,7720676b79de5576,True,1.0,1.0,0.26650859777601044,1.0,0.0,1.0,0.5277119157400043
240,64804276ef9559dc,True,1.0,1.0,0.9872459638793639,1.0,1.0,1.0,0.9946858182830683
241,1ffe67c3104053f6,True,1.0,0.0,0.0,1.0,1.0,1.0,0.0
242,0cc07a3667f45039,True,1.0,1.0,0.9482913148256373,1.0,1.0,1.0,0.9784547145106822
243,3e0da2d159655124,True,1.0,1.0,1.0,1.0,1.0,1.0,1.0
244,b549b6c92312537d,True,1.0,1.0,0.34806439775155656,1.0,1.0,1.0,0.7283601657298152
245,5ccd6d1ffdc752a8,True,1.0,1.0,0.6659932507971774,1.0,1.0,1.0,0.8608305211654906
246,37b3d87596685948,True,1.0,0.0,0.0,1.0,1.0,0.5,0.0
247,70d3811d0cab5067,True,1.0,0.0,0.0,1.0,1.0,0.5,0.0
248,dcbf1cf262365995,True,1.0,1.0,0.0,1.0,1.0,1.0,0.5833333333333334
249,88d08f76270d5e37,True,1.0,1.0,0.2649143861512491,1.0,0.0,1.0,0.5270476608963538
250,88ea59b3f0235e02,True,1.0,1.0,0.6522706320606028,1.0,1.0,1.0,0.8551127633585844
251,bbf8fd8a87565e05,True,1.0,1.0,1.0,1.0,1.0,1.0,1.0
252,9aab9b217ae25c29,True,1.0,1.0,0.16792099313905012,1.0,1.0,1.0,0.6533004138079376
253,a15ea164cfe85b2b,True,1.0,1.0,0.0,1.0,1.0,1.0,0.5833333333333334
254,0160a218dc9051bd,True,1.0,1.0,1.0,1.0,1.0,1.0,1.0
255,8bc34517e08758ff,True,1.0,1.0,0.6931860975674106,1.0,1.0,1.0,0.8721608739864211
256,fdae7ff3ee06523d,True,1.0,1.0,0.3642366633131753,1.0,1.0,1.0,0.7350986097138229
257,de864917fc075773,True,1.0,1.0,1.0,1.0,1.0,1.0,1.0
258,80cbdb8c0937598d,True,0.0,1.0,0.0,0.0,1.0,1.0,0.0
259,579f7ea85a0b56ee,True,1.0,0.0,0.0,1.0,1.0,0.5,0.0
260,b386ea967bea597c,True,1.0,1.0,0.9065045354562197,0.0,1.0,1.0,0.5443768897734248
261,de681a4826e35220,True,1.0,1.0,0.8360279649298965,0.0,1.0,1.0,0.5150116520541236
262,c388df5240dd5f6c,True,1.0,1.0,0.8330306235097902,1.0,1.0,1.0,0.9304294264624126
263,94f635177ffc585c,True,1.0,0.0,0.0,1.0,1.0,1.0,0.0
264,94fa3bcc599852fa,True,1.0,1.0,1.0,1.0,1.0,1.0,1.0
265,8c2de95fb8a45d80,True,1.0,1.0,0.9311672715274332,1.0,1.0,1.0,0.9713196964697639
266,806b014bc8c15160,True,1.0,1.0,0.0,1.0,1.0,1.0,0.5833333333333334
267,83812eaf10c25b0d,True,1.0,1.0,0.5343449441096324,1.0,1.0,1.0,0.8059770600456803
268,bd1e37aab1c7530f,True,1.0,1.0,1.0,1.0,1.0,1.0,1.0
269,e9505f806d8d5998,True,1.0,0.0,0.0,1.0,1.0,1.0,0.0
270,22f6e92516805d17,True,1.0,1.0,0.9728413815426387,1.0,1.0,1.0,0.9886839089760994
271,f2f46b43681f5a58,True,1.0,1.0,0.895938538648067,1.0,1.0,1.0,0.9566410577700278
272,55fa5e002dfa56d0,True,1.0,1.0,0.7677956950624542,1.0,1.0,1.0,0.9032482062760225
273,aba2ce98726d53d5,True,1.0,0.0,0.0,1.0,1.0,0.5,0.0
274,61a58546ffef531e,True,1.0,1.0,0.28363212621271505,1.0,1.0,1.0,0.7015133859219645
275,3d2d79069bb45530,True,1.0,1.0,0.9838812859696879,1.0,1.0,1.0,0.9932838691540367
276,40054f2ae3cd58e3,True,1.0,1.0,0.46534683883237615,1.0,1.0,1.0,0.7772278495134901
277,69fab78920a55a7a,True,1.0,0.0,0.0,1.0,1.0,1.0,0.0
278,ac0c803827d65b80,True,1.0,1.0,0.005535727797591492,1.0,1.0,1.0,0.5856398865823298
279,0f7b2eac06fb583b,True,1.0,1.0,0.1370867880512861,1.0,1.0,1.0,0.6404528283547025
280,d7ea3bb97a875a66,True,1.0,1.0,0.3710760284952864,1.0,1.0,1.0,0.7379483452063694
281,8e83aa46b4e350f0,True,1.0,1.0,0.1536405725030574,1.0,1.0,1.0,0.6473502385429406
282,9228a7e1115d5bcd,True,1.0,1.0,1.0,1.0,1.0,1.0,1.0
283,0386720f697155c5,True,0.0,0.0,0.0,1.0,1.0,1.0,0.0
284,adfb4218735f5137,True,1.0,0.0,0.0,1.0,1.0,1.0,0.0
285,81765223f59055e3,True,1.0,1.0,0.333725714979375,1.0,1.0,1.0,0.7223857145747395
286,edcad0bfc4b15515,True,1.0,0.0,0.0,1.0,1.0,1.0,0.0
287,7496010433ac52fc,True,1.0,1.0,0.4428390669402069,1.0,1.0,1.0,0.7678496112250862
288,77868241ec115a11,True,1.0,1.0,0.8607469971408618,1.0,1.0,1.0,0.9419779154753591
289,1d05dbff3a245c6b,True,1.0,1.0,0.0,1.0,0.0,0.0,0.4166666666666667
290,c97bad66929c58d1,True,1.0,1.0,0.44201597560692424,1.0,1.0,1.0,0.7675066565028851
291,1971c4278e675b9d,True,0.0,1.0,0.0,0.0,1.0,1.0,0.0
292,7e60d2df0fe75f4d,True,1.0,1.0,0.9831323916037991,1.0,1.0,1.0,0.9929718298349163
293,df98d316a00252ee,True,1.0,0.0,0.0,1.0,1.0,1.0,0.0
294,639929a485e1582f,True,1.0,0.0,0.0,1.0,1.0,1.0,0.0
295,a4baa9a721715069,True,1.0,1.0,0.3178258960067353,1.0,1.0,1.0,0.7157607900028063
296,bb137ceaa889594b,True,1.0,1.0,0.5482759237956182,1.0,1.0,1.0,0.8117816349148409
297,ba82b67601605dd3,True,1.0,1.0,0.40206022416855336,1.0,1.0,1.0,0.7508584267368973
298,2a49470a5a0050a4,True,1.0,0.0,0.0,1.0,1.0,1.0,0.0
299,8ec0cd02d7705766,True,1.0,1.0,1.0,1.0,1.0,1.0,1.0
300,f8e205ba18865d15,True,1.0,1.0,1.0,1.0,1.0,1.0,1.0
301,a3870f56871e53d6,True,1.0,1.0,0.26368079683795487,1.0,1.0,1.0,0.6932003320158145
302,777f9bb032fa5e22,True,1.0,1.0,1.0,1.0,1.0,1.0,1.0
303,5dd66fecd1b4523b,True,1.0,1.0,0.3579128733682914,1.0,1.0,1.0,0.7324636972367881
304,b350d0c1fd0a532a,True,1.0,1.0,1.0,1.0,1.0,1.0,1.0
305,3ebe4c8a20155459,True,0.0,1.0,0.0,1.0,1.0,1.0,0.0
306,71bd11736bca5299,True,1.0,1.0,0.2653883087719143,1.0,0.0,1.0,0.5272451286549643
307,71db290f69d9579e,True,1.0,1.0,0.08552759694242809,1.0,1.0,1.0,0.618969832059345
308,3a36b098acee53b9,True,1.0,1.0,1.0,1.0,1.0,1.0,1.0
309,aa784b6564cb56a3,True,1.0,0.0,0.0,1.0,1.0,1.0,0.0
310,2f9035e24e0c5253,True,0.0,0.0,0.0,0.0,1.0,0.5,0.0
311,781efb1b870a58d4,True,1.0,1.0,0.34187217487484467,1.0,1.0,1.0,0.7257800728645186
312,d1c281e277d1532d,True,1.0,1.0,1.0,1.0,1.0,1.0,1.0
313,a41654d17b2156e6,True,1.0,0.0,0.0,0.0,1.0,1.0,0.0
314,834bb4167b885e57,True,1.0,1.0,0.3048391568101116,1.0,0.0,1.0,0.5436829820042132
315,5f402207dd7d5977,True,1.0,0.0,0.0,1.0,1.0,1.0,0.0
316,47fc4cd82c45583c,True,0.0,1.0,0.0,1.0,1.0,1.0,0.0
317,4bc793d4a9ef5860,True,1.0,1.0,0.5289523372609083,1.0,1.0,1.0,0.8037301405253784
318,659676efe11b58ca,True,1.0,1.0,1.0,1.0,1.0,1.0,1.0
319,c853ae7a361f54d9,True,1.0,1.0,1.0,1.0,1.0,1.0,1.0
320,59e57a9c10e2553b,True,1.0,1.0,0.05504227784339836,1.0,1.0,1.0,0.6062676157680826
321,379b9337542359bd,True,1.0,0.0,0.0,1.0,1.0,1.0,0.0
322,78e6ea95b854551c,True,1.0,1.0,0.2359052161056778,1.0,1.0,1.0,0.6816271733773657
323,f938432bb4d858c1,True,1.0,1.0,0.5002121842785391,1.0,0.0,1.0,0.625088410116058
324,ed1a1174e6aa5270,True,1.0,1.0,1.0,1.0,1.0,1.0,1.0
325,9de4f939d84557e3,True,1.0,1.0,1.0,1.0,1.0,1.0,1.0
326,cb8765fe0d6a535b,True,1.0,1.0,1.0,1.0,1.0,1.0,1.0
327,c4c63aa759ab5608,True,1.0,1.0,0.6500104783449194,1.0,1.0,1.0,0.8541710326437165
328,7fef65fc1de658d6,True,1.0,1.0,0.4415071531044268,1.0,1.0,1.0,0.7672946471268446
329,32cdbb04af4856c0,True,1.0,1.0,1.0,1.0,1.0,1.0,1.0
330,c8b422346e1f5252,True,1.0,1.0,1.0,1.0,1.0,1.0,1.0
331,b3437b1cf6ee56d3,True,1.0,1.0,0.06910045110736755,1.0,1.0,1.0,0.6121251879614031
332,32f0e82c629d5862,True,1.0,0.0,0.0,1.0,1.0,1.0,0.0
333,c6a199989fe9578f,True,1.0,1.0,1.0,1.0,1.0,1.0,1.0
334,4a5e3ac0ccc75a68,True,1.0,1.0,0.28958367669818696,1.0,1.0,1.0,0.7039931986242446
335,12a68a4c440c5396,True,1.0,1.0,0.9209573538381661,1.0,1.0,1.0,0.9670655640992359
336,ddfbc4edaaae53b5,True,1.0,0.0,0.0,1.0,1.0,0.5,0.0
337,f6bb1b8ac5175173,True,1.0,1.0,0.25375307018551047,1.0,0.0,1.0,0.522397112577296
338,d3e99c65bb2a5d79,True,1.0,1.0,0.8179157528799353,1.0,1.0,1.0,0.924131563699973
339,8561c627f83a5aac,True,1.0,1.0,1.0,1.0,1.0,1.0,1.0
340,5ee3295e24b257b8,True,1.0,1.0,0.4080673529293839,1.0,1.0,1.0,0.75336139705391
341,dd3b8e9368be579f,True,1.0,1.0,1.0,0.0,1.0,1.0,0.5833333333333334
342,a7995c1f914c5d0d,True,0.0,1.0,0.0,0.0,1.0,1.0,0.0
343,8d01189ae3605da4,True,1.0,1.0,0.28662252092429363,1.0,1.0,1.0,0.7027593837184556
344,143f361b85455570,True,1.0,1.0,1.0,1.0,1.0,1.0,1.0
345,79bd7ba72d985b0b,True,1.0,0.0,0.0,1.0,1.0,1.0,0.0
346,f839f8d2874c5268,True,1.0,1.0,0.6724833627149468,1.0,1.0,1.0,0.8635347344645612
347,ead69cf7d81b5a39,True,1.0,0.0,0.0,1.0,1.0,1.0,0.0
348,20f4b98587d25c47,True,1.0,1.0,0.9615817361417716,1.0,1.0,0.5,0.9839923900590715
349,e869951de22f5ecc,True,1.0,1.0,1.0,1.0,1.0,1.0,1.0
350,885c3798916e5de8,True,1.0,1.0,0.7291351273171978,1.0,1.0,1.0,0.8871396363821656
351,935eae9f2b155370,True,1.0,1.0,0.0,1.0,1.0,1.0,0.5833333333333334
352,e459687c42925b9a,True,1.0,1.0,0.45599285424754554,1.0,1.0,1.0,0.7733303559364773
353,5a8f0cf120495354,True,1.0,1.0,1.0,0.0,1.0,1.0,0.5833333333333334
354,5ea3c0ec480e5213,True,1.0,1.0,0.7163588968770791,1.0,1.0,1.0,0.8818162070321162
355,39130d1d9c3455e7,True,1.0,0.0,0.0,1.0,1.0,0.0,0.0
356,a5efa651fec451b5,True,1.0,1.0,0.3038176808045133,1.0,1.0,1.0,0.7099240336685472
357,d801a39fb8455204,True,1.0,1.0,0.940045933814026,1.0,1.0,1.0,0.9750191390891775
358,32a3850fa50256fc,True,1.0,1.0,1.0,1.0,1.0,1.0,1.0
359,fb8576d2ca7550e8,True,1.0,1.0,0.7812252161070941,1.0,1.0,1.0,0.9088438400446225
360,1267703b37a25911,True,1.0,1.0,1.0,1.0,1.0,1.0,1.0
361,e6fb80d2ad2e53c3,True,1.0,1.0,1.0,1.0,1.0,1.0,1.0
362,59c3714116c25a7c,True,1.0,0.0,0.0,1.0,1.0,1.0,0.0
363,d8c6aedcb54a56fb,True,1.0,1.0,0.789719075262363,1.0,1.0,1.0,0.9123829480259845
364,bcd38d9246695d74,True,1.0,0.0,0.0,0.0,1.0,0.0,0.0
365,a8c672e753205374,True,1.0,1.0,0.6218994588776398,1.0,1.0,1.0,0.8424581078656832
366,9e0633fbdeac55bb,True,0.0,1.0,0.0,0.0,1.0,1.0,0.0
367,335c3686d3b356f3,True,1.0,1.0,0.2927531012062061,1.0,1.0,1.0,0.7053137921692526
368,b1b22a6803555b20,True,1.0,1.0,0.9371493037753151,1.0,1.0,1.0,0.9738122099063813
369,21ba6fc7671d5a95,True,1.0,1.0,0.11154819663851391,1.0,1.0,1.0,0.6298117485993808
370,b8e3585d666259f4,True,1.0,1.0,0.2049648541088333,1.0,1.0,1.0,0.6687353558786805
371,b772d3f5334b52bb,True,1.0,1.0,0.7664946100410099,1.0,1.0,1.0,0.9027060875170875
372,803569f800575929,True,1.0,1.0,0.35048689490431023,1.0,1.0,1.0,0.7293695395434625
373,914ee770e05e5ba1,True,1.0,1.0,1.0,0.0,1.0,1.0,0.5833333333333334
374,aacf46ffaf2852f4,True,1.0,1.0,1.0,1.0,1.0,1.0,1.0
375,4b10d7d9e7465633,True,1.0,1.0,0.6692445496949092,1.0,1.0,1.0,0.8621852290395454
376,c96b4de8d3d55287,True,1.0,1.0,0.3034520496087823,1.0,0.0,1.0,0.543105020670326
377,8a2feb24de395309,True,1.0,1.0,1.0,1.0,1.0,1.0,1.0
378,200da70adf745073,True,1.0,1.0,0.2635299666451578,1.0,0.0,1.0,0.5264708194354825
379,b01ded0854cc50fc,True,1.0,1.0,1.0,1.0,1.0,1.0,1.0
380,7aaa999404bc5b7e,True,1.0,1.0,0.4503747939443793,1.0,1.0,1.0,0.7709894974768247
381,077780f7790b584c,True,1.0,1.0,1.0,1.0,1.0,1.0,1.0
382,c4458a8bf3e955e2,True,1.0,0.0,0.0,1.0,1.0,1.0,0.0
383,5d058c203f765173,True,1.0,0.0,0.0,1.0,1.0,0.5,0.0
384,157821b8660e540b,True,1.0,1.0,1.0,1.0,1.0,1.0,1.0
385,a78c6c301bdc5573,True,1.0,0.0,0.0,0.0,1.0,1.0,0.0
386,fdc8022873e05a22,True,1.0,1.0,0.2891046358751011,1.0,1.0,1.0,0.7037935982812922
387,fc8f087133c55220,True,1.0,1.0,0.6436867961557728,1.0,1.0,1.0,0.8515361650649055
388,01a303fd4e9d54d5,True,1.0,1.0,0.999672280677646,1.0,1.0,1.0,0.9998634502823526
389,9690e454aaef531a,True,1.0,1.0,0.12493116392011172,1.0,1.0,1.0,0.6353879849667132
390,0a8e8b7e94be5474,True,1.0,1.0,0.05721907514325616,1.0,1.0,1.0,0.6071746146430234
391,2d63eaba6813539f,True,0.0,1.0,0.0,1.0,1.0,1.0,0.0
392,25a9a31e600057b7,True,1.0,0.0,0.0,1.0,1.0,0.5,0.0
393,6a75ce4874df52b7,True,1.0,0.0,0.0,1.0,1.0,1.0,0.0
394,af4f40d2f07d5a92,True,1.0,1.0,0.24435452160141027,1.0,0.0,1.0,0.5184810506672543
395,e4549edf1d405a17,True,1.0,1.0,0.3402179040664891,1.0,0.0,1.0,0.5584241266943705
396,f9b38490d7155d84,True,1.0,1.0,1.0,1.0,0.0,1.0,0.8333333333333334
397,28f70bd9ad9f52b2,True,1.0,0.0,0.0,0.0,1.0,0.5,0.0
398,a64cd79798845d53,True,1.0,1.0,0.4620895317886886,1.0,1.0,1.0,0.7758706382452868
399,3b96012de5d85ef5,True,1.0,1.0,0.2904923749775751,1.0,0.0,1.0,0.5377051562406563
400,2111b648fcba5bb7,True,0.0,1.0,0.0,1.0,1.0,1.0,0.0
401,e8c95dd46509501d,True,1.0,1.0,0.30636809848827445,1.0,1.0,1.0,0.7109867077034476
402,8ed0f2cb1f2b5a8d,True,1.0,1.0,1.0,1.0,1.0,1.0,1.0
403,9c633dbf7f8f5642,True,0.5,0.0,0.0,0.0,1.0,1.0,0.0
404,01d3a49577c256d6,True,1.0,1.0,0.3590064799414222,1.0,1.0,1.0,0.7329193666422592
405,a988872adfe45a71,True,1.0,1.0,1.0,1.0,1.0,1.0,1.0
406,165e96e510d1580d,True,1.0,1.0,0.8936200630787641,1.0,1.0,1.0,0.9556750262828183
407,9ae5a292b89155a0,True,0.0,1.0,0.0,0.0,1.0,1.0,0.0
408,b8411116ac3355f3,True,1.0,1.0,1.0,0.0,1.0,1.0,0.5833333333333334
409,5018ed61502d50f6,True,1.0,1.0,1.0,1.0,1.0,0.5,1.0
410,ba138477116b5956,True,1.0,1.0,0.6616728769650474,1.0,1.0,1.0,0.8590303654021031
411,5ada4c7a67155a8f,True,0.5,0.0,0.0,0.0,1.0,0.0,0.0
412,0612ae5a43ea5e14,True,1.0,1.0,1.0,1.0,1.0,1.0,1.0
413,d84f5656f4f753e4,True,1.0,1.0,0.5215784979325977,1.0,1.0,1.0,0.8006577074719158
414,ce44016cafca5b38,True,1.0,0.0,0.0,1.0,1.0,1.0,0.0
415,68c4d7e93cf55ccc,True,1.0,1.0,0.826188346216861,1.0,1.0,1.0,0.9275784775903588
416,35d1e07f6df25694,True,1.0,1.0,0.9655259055386772,1.0,1.0,1.0,0.9856357939744488
417,912445777d8c592b,True,0.5,0.0,0.0,0.0,1.0,1.0,0.0
418,1bf100f880f558d6,True,1.0,1.0,1.0,1.0,1.0,1.0,1.0
419,bad530d745d25cd7,True,1.0,1.0,0.13875335911018807,1.0,1.0,1.0,0.6411472329625784
420,ef43fe502d605e3b,True,1.0,0.0,0.0,1.0,1.0,1.0,0.0
421,7200dcdd4ad05210,True,1.0,1.0,0.3509155727060599,1.0,0.0,1.0,0.562881488627525
422,802ffb33c2655bab,True,1.0,1.0,0.23798663616334415,1.0,1.0,1.0,0.6824944317347267
423,724e53e4efef58b8,True,1.0,0.0,0.0,1.0,1.0,1.0,0.0
424,9b342d0967445869,True,1.0,1.0,0.15370813719695267,1.0,1.0,1.0,0.6473783904987302
425,2256b2a677aa5509,True,1.0,1.0,0.812192991674656,1.0,1.0,1.0,0.9217470798644399
426,614792f42a2153a0,True,1.0,1.0,1.0,1.0,1.0,1.0,1.0
427,eaa80ba41cc55f65,True,1.0,1.0,0.8668838289539125,1.0,1.0,1.0,0.9445349287307968
428,fc4af6a05e4e522e,True,1.0,1.0,0.2896629428592519,1.0,1.0,1.0,0.7040262261913549
429,1fc1dd0dc3d157ae,True,1.0,1.0,0.2917545639932319,1.0,1.0,1.0,0.70489773499718
430,d104844fde725c2a,True,1.0,1.0,0.665259662848099,1.0,1.0,1.0,0.8605248595200412
431,762599cde95156ff,True,1.0,1.0,1.0,1.0,1.0,1.0,1.0
432,956e3aa8415b5712,True,1.0,1.0,0.657467613193817,1.0,1.0,1.0,0.8572781721640904
433,404cf17b53805018,True,1.0,1.0,0.36127797231931275,1.0,1.0,1.0,0.7338658217997137
434,62981e97b1e35af5,True,0.5,1.0,0.5397386585935603,0.0,1.0,1.0,0.19577888720699174
435,9f37b5755d545c9b,True,1.0,0.0,0.0,1.0,1.0,1.0,0.0
436,d9d70933c5da52a2,True,1.0,1.0,0.2505328295929159,1.0,1.0,1.0,0.6877220123303817
437,367ead111dcb5764,True,1.0,0.0,0.0,1.0,1.0,1.0,0.0
438,b2f19dc9ecc052b4,True,1.0,1.0,0.6427333295652418,1.0,1.0,1.0,0.8511388873188507
439,bf44c74478445bdc,True,1.0,1.0,1.0,0.0,1.0,1.0,0.5833333333333334
440,7b2d768bf14b5767,True,1.0,1.0,0.20030290158474853,1.0,1.0,1.0,0.6667928756603119
441,452074cbdad6537b,True,0.5,0.0,0.0,0.0,1.0,0.5,0.0
442,ab2748438f5d5a4d,True,1.0,1.0,1.0,0.0,1.0,1.0,0.5833333333333334
443,4bb5e84b73765d38,True,1.0,1.0,0.28388641412203325,1.0,0.0,1.0,0.5349526725508472
444,71fefe3bc0f0591e,True,1.0,1.0,0.7995452930231781,1.0,1.0,1.0,0.9164772054263243
445,5b912402f6335fb1,True,1.0,1.0,0.9681866780561815,1.0,1.0,1.0,0.9867444491900756
446,1c922a7f96245491,True,1.0,0.0,0.0,1.0,1.0,0.5,0.0
447,4b757b7cb6d355f6,True,1.0,1.0,1.0,1.0,1.0,1.0,1.0
448,8653e04dd5f75ec0,True,1.0,1.0,1.0,1.0,1.0,1.0,1.0
449,d32336b185505124,True,1.0,1.0,0.3067072041679091,1.0,0.0,1.0,0.5444613350699621
450,e436d91a140e5cc2,True,1.0,1.0,0.490000129628227,1.0,1.0,1.0,0.7875000540117613
451,f23d4a49b1c753bc,True,1.0,1.0,0.5598164792861914,1.0,1.0,1.0,0.8165901997025798
452,86c897328378504d,True,1.0,1.0,0.9304649986266151,1.0,1.0,1.0,0.9710270827610895
453,2836022321d45104,True,1.0,0.0,0.0,1.0,1.0,0.0,0.0
454,481eb6bee4545a5b,True,1.0,1.0,1.0,1.0,1.0,1.0,1.0
455,e5e57399ea0a5228,True,0.0,1.0,0.0,1.0,1.0,1.0,0.0
456,8c2192a817225ae4,True,1.0,0.0,0.0,1.0,1.0,1.0,0.0
457,b29743e5885f5514,True,1.0,1.0,1.0,1.0,1.0,1.0,1.0
458,abe70bb253d250e4,True,1.0,1.0,0.32263884306809604,1.0,0.0,1.0,0.55109951794504
459,9352f44f6db657df,True,1.0,0.0,0.0,1.0,1.0,1.0,0.0
460,d6a0e6c1f41856ba,True,1.0,1.0,1.0,1.0,1.0,1.0,1.0
461,00b34c91088a5f04,True,0.0,1.0,0.0,0.0,0.0,1.0,0.0
462,36dd0d0bb6f45f01,True,1.0,1.0,1.0,1.0,1.0,0.5,1.0
463,1ca4fb094dd0522e,True,1.0,1.0,0.7618487785971507,1.0,1.0,1.0,0.9007703244154794
464,bd4be260be50516f,True,1.0,1.0,0.48025765016713673,1.0,0.0,1.0,0.6167740209029736
465,105e820419e05224,True,1.0,1.0,0.9809389020760078,1.0,1.0,1.0,0.9920578758650033
466,d69b6aacdd0459e3,True,1.0,1.0,1.0,1.0,1.0,1.0,1.0
467,4d24781a33345c18,True,1.0,1.0,0.23670240941618287,1.0,1.0,1.0,0.6819593372567428
468,d6034aee9d38501a,True,1.0,0.0,0.0,1.0,1.0,1.0,0.0
469,9f379bc415ef56bc,True,1.0,1.0,1.0,1.0,1.0,1.0,1.0
470,6a101cae21b1532d,True,1.0,0.0,0.0,1.0,1.0,1.0,0.0
471,e6acce4cea5152e2,True,1.0,1.0,0.28558635005449234,1.0,1.0,1.0,0.7023276458560385
472,65f1aecfc27158a7,True,1.0,1.0,0.14139903042423196,1.0,1.0,1.0,0.6422495960100967
473,b16709d711fd5097,True,1.0,1.0,1.0,1.0,1.0,1.0,1.0
474,b5a0006f39005cee,True,0.5,0.0,0.0,0.0,1.0,0.0,0.0
475,b311296a0576508c,True,1.0,1.0,1.0,0.0,1.0,1.0,0.5833333333333334
476,f0af55653c6252e7,True,0.0,1.0,0.0,0.0,1.0,1.0,0.0
477,c0ee4f794af35185,True,1.0,1.0,1.0,1.0,1.0,1.0,1.0
478,bd1e5e7e9c975f54,True,1.0,1.0,0.20017280357370323,1.0,1.0,1.0,0.6667386681557096
479,14f724bc59705bb4,True,0.0,1.0,0.0,0.0,1.0,1.0,0.0
480,673a88a4037f5b6b,True,1.0,1.0,0.00135188889762059,1.0,1.0,1.0,0.5838966203740086
481,a1440abecb1e5bb7,True,1.0,1.0,0.46536569491853025,1.0,1.0,1.0,0.7772357062160543
482,2284b9d8a0f551b7,True,1.0,1.0,0.32853941417411303,1.0,1.0,1.0,0.7202247559058804
483,00f53a22cb3e5bd6,True,1.0,1.0,0.34616909172378374,1.0,1.0,1.0,0.7275704548849099
484,d9fac9fdd2bd5036,True,1.0,1.0,0.5910136484756897,1.0,1.0,1.0,0.829589020198204
485,d3b3922b4d86538b,True,1.0,1.0,0.6150584640989994,1.0,1.0,1.0,0.8396076933745831
486,f30a714dd2af598d,True,1.0,1.0,0.26272872761770905,1.0,0.0,1.0,0.5261369698407121
487,272ca65d545a5e6d,True,1.0,1.0,0.8279845566617,1.0,1.0,1.0,0.9283268986090416
488,1e7bb5730b095273,True,0.5,0.0,0.0,0.0,1.0,1.0,0.0
489,e826fc97761759f9,True,1.0,1.0,1.0,1.0,1.0,1.0,1.0
490,6f4131a328bc58b7,True,1.0,1.0,0.5977141458313175,0.0,1.0,1.0,0.41571422742971564
491,900cf7a936095899,True,1.0,1.0,0.14372572115910973,1.0,1.0,1.0,0.6432190504829624
492,1b55b0b3663c5224,True,1.0,1.0,0.47991493184139467,1.0,1.0,1.0,0.7832978882672478
493,1801a3d3fffc57f5,True,1.0,0.0,0.0,1.0,1.0,1.0,0.0
494,755751098c88566f,True,1.0,1.0,0.7001214148969039,1.0,1.0,1.0,0.8750505895403767
495,342982275eb15441,True,1.0,1.0,0.20556992831447368,1.0,0.0,1.0,0.502320803464364
496,580b253c853c5ef9,True,1.0,0.0,0.0,1.0,1.0,0.5,0.0
497,4584628100405d03,True,1.0,1.0,5.2040761112617e-05,1.0,1.0,1.0,0.583355016983797
498,5958ec1af5b1596d,True,1.0,1.0,0.8493761545069612,1.0,1.0,1.0,0.9372400643779004
499,70df39aae7b05204,True,1.0,1.0,0.3515394302638496,1.0,1.0,1.0,0.7298080959432708
500,6ebe7ac324ef56c8,True,1.0,1.0,0.3338412157947928,1.0,1.0,1.0,0.7224338399144971
501,19de57bdeb3052a4,True,1.0,1.0,0.4080417541639134,1.0,1.0,1.0,0.7533507309016306
502,9fd0bccf54215014,True,1.0,1.0,1.0,1.0,1.0,1.0,1.0
503,ce2de8af70e05a57,True,1.0,1.0,0.8046945983271891,1.0,1.0,1.0,0.9186227493029954
504,fbc2716d7a5d56e1,True,1.0,1.0,0.15567714100597585,1.0,1.0,1.0,0.6481988087524899
505,e135dfbd00cc5b11,True,1.0,0.0,0.0,0.0,1.0,0.0,0.0
506,d6ae2f654344509d,True,1.0,1.0,0.3654640349111817,1.0,0.0,1.0,0.5689433478796591
507,8ce2cf49a1955788,True,1.0,1.0,0.4316840491542544,1.0,1.0,1.0,0.763201687147606
508,3f12b84004b15310,True,1.0,1.0,1.0,1.0,1.0,1.0,1.0
509,02536b72a70250d3,True,1.0,1.0,0.36563155324717617,1.0,1.0,1.0,0.7356798138529901
510,b8a96fba2cbb5db5,True,1.0,1.0,0.2244055496943938,0.0,0.0,1.0,0.09350231237266408
511,a6e6dbdddc175b7b,True,0.0,1.0,0.0,0.0,1.0,1.0,0.0
512,ffcc82847bfb5568,True,1.0,1.0,1.0,1.0,1.0,1.0,1.0
513,ad69184f0e215af6,True,0.0,0.0,0.0,0.0,1.0,0.5,0.0
514,7fd9993b713f5c5d,True,1.0,1.0,0.8257212257443473,1.0,1.0,0.0,0.9273838440601446
515,c18771a3868f5868,True,1.0,1.0,0.4027872900254922,0.0,0.0,1.0,0.16782803751062172
516,669f927303ee54a8,True,1.0,1.0,0.6715191720372314,1.0,1.0,1.0,0.8631329883488464
517,cd8518ca186155f9,True,1.0,1.0,1.0,1.0,1.0,1.0,1.0
518,4d70b40e18c15498,True,1.0,1.0,1.0,1.0,1.0,1.0,1.0
519,1c6d28bbaa095e41,True,1.0,1.0,0.389639522628745,1.0,1.0,1.0,0.7456831344286438
520,494fade53c845a1b,True,0.0,1.0,0.0,0.0,1.0,1.0,0.0
521,7bacd3cec5df553f,True,1.0,1.0,1.0,1.0,1.0,1.0,1.0
522,9c3ce3b6a55c5907,True,1.0,0.0,0.0,1.0,1.0,1.0,0.0
523,8fb4110a350b5f17,True,1.0,1.0,0.0,1.0,1.0,1.0,0.5833333333333334
524,1ab8bf700e085f68,True,1.0,1.0,0.8005989869040893,1.0,1.0,1.0,0.9169162445433705
525,471f7ca3148659cd,True,1.0,0.0,0.0,1.0,1.0,0.5,0.0
526,63910f7e61dd5202,True,1.0,1.0,0.3390562377233349,1.0,1.0,1.0,0.7246067657180562
527,0cd8b5151f03580f,True,1.0,1.0,0.056647696215978774,1.0,1.0,1.0,0.6069365400899912
528,f4db4b31f9265123,True,1.0,1.0,1.0,1.0,1.0,1.0,1.0
529,80cbc88e2410561e,True,1.0,1.0,0.6066892544691103,1.0,1.0,1.0,0.8361205226954626
530,94a77891082251d3,True,1.0,1.0,0.44804140339640786,1.0,1.0,1.0,0.7700172514151699
531,3010009fcb295507,True,1.0,1.0,0.40095070756335266,1.0,1.0,1.0,0.7503961281513969
532,6e39441d943a59c2,True,1.0,1.0,0.8350568466446784,1.0,1.0,1.0,0.9312736861019494
533,cc2769dbb64c51c5,True,1.0,1.0,1.0,1.0,1.0,1.0,1.0
534,9812dd2e53325739,True,1.0,1.0,0.7319748361084413,1.0,1.0,1.0,0.8883228483785173
535,7543fb2f2dcf5c7e,True,1.0,1.0,0.9656394446386879,1.0,1.0,1.0,0.9856831019327865
536,92a2e2b8b0dd596b,True,1.0,1.0,0.4011802706458982,1.0,1.0,1.0,0.7504917794357908
537,210dd1143b005422,True,1.0,1.0,0.42875500375160475,1.0,1.0,1.0,0.7619812515631686
538,1872470c12e85ed8,True,1.0,1.0,0.5030372383347103,1.0,1.0,1.0,0.7929321826394626
539,2a30c259f67c561d,True,1.0,0.0,0.0,1.0,1.0,1.0,0.0
540,3b6e0e24fe5a5f5c,True,1.0,1.0,0.9657673739303734,0.0,1.0,1.0,0.5690697391376556
541,7b9cc1b02566583e,True,1.0,1.0,1.0,1.0,1.0,1.0,1.0
542,4e1e5dfc07e459cd,True,1.0,1.0,0.6686284622863525,1.0,1.0,1.0,0.8619285259526469
543,028125098bb45d66,True,1.0,1.0,0.3979362156274756,1.0,0.0,1.0,0.5824734231781149
544,307f5f9b4eeb517e,True,1.0,1.0,0.27947348388606275,1.0,0.0,1.0,0.5331139516191928
545,9610b02bc4ec529c,True,1.0,1.0,1.0,0.0,1.0,1.0,0.5833333333333334
546,d5cf652a8ddf5a46,True,1.0,0.0,0.0,1.0,1.0,1.0,0.0
547,76dd2e9ad6f753b8,True,1.0,1.0,1.0,1.0,1.0,1.0,1.0
548,710c63523d4d5e05,True,1.0,0.0,0.0,1.0,1.0,1.0,0.0
549,b30137ce1d255963,True,1.0,1.0,0.1549223212960762,1.0,1.0,1.0,0.6478843005400318
550,d2f55d2de2175a6b,True,1.0,0.0,0.0,0.0,1.0,1.0,0.0
551,94c075284a935bbb,True,1.0,1.0,0.2765180942401312,1.0,1.0,1.0,0.698549205933388
552,4fea3406427a52de,True,1.0,1.0,0.8581393408525313,1.0,1.0,1.0,0.9408913920218881
553,7af34f0692605ad1,True,1.0,1.0,0.1588861844839453,1.0,1.0,1.0,0.6495359102016439
554,70ee383e3b335c16,True,1.0,0.0,0.0,1.0,1.0,0.0,0.0
555,79984c4826f653fd,True,0.5,0.0,0.0,0.0,1.0,1.0,0.0
556,8c9ee15aa2355c99,True,1.0,1.0,0.5413246150850248,1.0,1.0,1.0,0.8088852562854271
557,c3e5047f2ff85e9a,True,1.0,1.0,1.0,0.0,1.0,1.0,0.5833333333333334
558,18cf7d6f96f45847,True,1.0,1.0,1.0,1.0,1.0,1.0,1.0
559,e5a146299341551a,True,0.0,1.0,0.0,0.0,1.0,1.0,0.0
560,2e186fa01d9a5c49,True,1.0,1.0,0.3093734314890273,1.0,1.0,1.0,0.7122389297870947
561,1e4bcd38cf585d97,True,1.0,0.0,0.0,1.0,1.0,0.5,0.0
562,f211df82899b5b78,True,1.0,1.0,0.27792568476713403,1.0,1.0,1.0,0.6991357019863059
563,average,True,0.9387211367673179,0.7850799289520426,0.4645280597011307,0.8774422735346359,0.9253996447602132,0.9342806394316163,0.5925795901817164
