token,log
1fc1dd0dc3d157ae,2021.05.12.22.00.38_veh-35_01008_01518
2111b648fcba5bb7,2021.05.12.22.00.38_veh-35_01008_01518
7543fb2f2dcf5c7e,2021.05.12.22.00.38_veh-35_01008_01518
78e6ea95b854551c,2021.05.12.22.00.38_veh-35_01008_01518
9610b02bc4ec529c,2021.05.12.22.00.38_veh-35_01008_01518
ac0c803827d65b80,2021.05.12.22.00.38_veh-35_01008_01518
b214f8e744075e96,2021.05.12.22.00.38_veh-35_01008_01518
c18f8cfc41385d8c,2021.05.12.22.00.38_veh-35_01008_01518
c97bad66929c58d1,2021.05.12.22.00.38_veh-35_01008_01518
e869951de22f5ecc,2021.05.12.22.00.38_veh-35_01008_01518
12a68a4c440c5396,2021.05.12.22.28.35_veh-35_00620_01164
1bac9ad3b5795fb9,2021.05.12.22.28.35_veh-35_00620_01164
27decc74a57b53ac,2021.05.12.22.28.35_veh-35_00620_01164
35d813d8de5854f9,2021.05.12.22.28.35_veh-35_00620_01164
3c077c8da4615b33,2021.05.12.22.28.35_veh-35_00620_01164
471f7ca3148659cd,2021.05.12.22.28.35_veh-35_00620_01164
4fea3406427a52de,2021.05.12.22.28.35_veh-35_00620_01164
5e8f9f6ab5695769,2021.05.12.22.28.35_veh-35_00620_01164
70df39aae7b05204,2021.05.12.22.28.35_veh-35_00620_01164
72dac45a812f56fb,2021.05.12.22.28.35_veh-35_00620_01164
7b9cc1b02566583e,2021.05.12.22.28.35_veh-35_00620_01164
9b5c00687d4e590b,2021.05.12.22.28.35_veh-35_00620_01164
a64cd79798845d53,2021.05.12.22.28.35_veh-35_00620_01164
b29743e5885f5514,2021.05.12.22.28.35_veh-35_00620_01164
c18771a3868f5868,2021.05.12.22.28.35_veh-35_00620_01164
de681a4826e35220,2021.05.12.22.28.35_veh-35_00620_01164
046fd63cb514581a,2021.05.12.23.36.44_veh-35_00152_00504
4615024da7765d62,2021.05.12.23.36.44_veh-35_00152_00504
7200dcdd4ad05210,2021.05.12.23.36.44_veh-35_00152_00504
7cc94c33bbe052d7,2021.05.12.23.36.44_veh-35_00152_00504
aa784b6564cb56a3,2021.05.12.23.36.44_veh-35_00152_00504
de864917fc075773,2021.05.12.23.36.44_veh-35_00152_00504
f383acca25ff59eb,2021.05.12.23.36.44_veh-35_00152_00504
4789245424875682,2021.05.12.23.36.44_veh-35_01133_01535
6fc06c6e4d1752a1,2021.05.12.23.36.44_veh-35_01133_01535
7e1f829a0de95258,2021.05.12.23.36.44_veh-35_01133_01535
8ec0cd02d7705766,2021.05.12.23.36.44_veh-35_01133_01535
a5efa651fec451b5,2021.05.12.23.36.44_veh-35_01133_01535
af9f5f6fa1ad5182,2021.05.12.23.36.44_veh-35_01133_01535
c853ae7a361f54d9,2021.05.12.23.36.44_veh-35_01133_01535
d1c281e277d1532d,2021.05.12.23.36.44_veh-35_01133_01535
e5a146299341551a,2021.05.12.23.36.44_veh-35_01133_01535
618403c227415955,2021.05.12.23.36.44_veh-35_02035_02387
71bd11736bca5299,2021.05.12.23.36.44_veh-35_02035_02387
777f9bb032fa5e22,2021.05.12.23.36.44_veh-35_02035_02387
8653e04dd5f75ec0,2021.05.12.23.36.44_veh-35_02035_02387
b2f19dc9ecc052b4,2021.05.12.23.36.44_veh-35_02035_02387
d801a39fb8455204,2021.05.12.23.36.44_veh-35_02035_02387
3a36b098acee53b9,2021.05.25.14.16.10_veh-35_01690_02183
4a71a24c376f5388,2021.05.25.14.16.10_veh-35_01690_02183
58857855de47556e,2021.05.25.14.16.10_veh-35_01690_02183
77868241ec115a11,2021.05.25.14.16.10_veh-35_01690_02183
7ffaa3cf8bf45474,2021.05.25.14.16.10_veh-35_01690_02183
c96b4de8d3d55287,2021.05.25.14.16.10_veh-35_01690_02183
cd8518ca186155f9,2021.05.25.14.16.10_veh-35_01690_02183
d3e99c65bb2a5d79,2021.05.25.14.16.10_veh-35_01690_02183
d77a9c90baf35d87,2021.05.25.14.16.10_veh-35_01690_02183
e0c6e5c235ed5b7b,2021.05.25.14.16.10_veh-35_01690_02183
4bc793d4a9ef5860,2021.06.03.12.02.06_veh-35_00233_00609
580b253c853c5ef9,2021.06.03.12.02.06_veh-35_00233_00609
81997d01d8f65c19,2021.06.03.12.02.06_veh-35_00233_00609
8d90099a801d5682,2021.06.03.12.02.06_veh-35_00233_00609
ba82b67601605dd3,2021.06.03.12.02.06_veh-35_00233_00609
ed1a1174e6aa5270,2021.06.03.12.02.06_veh-35_00233_00609
fc8f087133c55220,2021.06.03.12.02.06_veh-35_00233_00609
3265e31c65705a5f,2021.06.03.13.55.17_veh-35_00073_00426
84358d0871db53dc,2021.06.03.13.55.17_veh-35_00073_00426
bbf8fd8a87565e05,2021.06.03.13.55.17_veh-35_00073_00426
c388df5240dd5f6c,2021.06.03.13.55.17_veh-35_00073_00426
031876d493e65cdd,2021.06.07.12.54.00_veh-35_01843_02314
210dd1143b005422,2021.06.07.12.54.00_veh-35_01843_02314
4d70b40e18c15498,2021.06.07.12.54.00_veh-35_01843_02314
53b96dffa6df5f49,2021.06.07.12.54.00_veh-35_01843_02314
614792f42a2153a0,2021.06.07.12.54.00_veh-35_01843_02314
68c4d7e93cf55ccc,2021.06.07.12.54.00_veh-35_01843_02314
dcbf1cf262365995,2021.06.07.12.54.00_veh-35_01843_02314
e5e57399ea0a5228,2021.06.07.12.54.00_veh-35_01843_02314
f154d7cc016a59f9,2021.06.07.12.54.00_veh-35_01843_02314
f6bb1b8ac5175173,2021.06.07.12.54.00_veh-35_01843_02314
fbc2716d7a5d56e1,2021.06.07.12.54.00_veh-35_01843_02314
1d05dbff3a245c6b,2021.06.07.18.53.26_veh-26_00005_00427
32a3850fa50256fc,2021.06.07.18.53.26_veh-26_00005_00427
44c442cba5fe5f68,2021.06.07.18.53.26_veh-26_00005_00427
71db290f69d9579e,2021.06.07.18.53.26_veh-26_00005_00427
762599cde95156ff,2021.06.07.18.53.26_veh-26_00005_00427
8465c2738bbc5faa,2021.06.07.18.53.26_veh-26_00005_00427
b8411116ac3355f3,2021.06.07.18.53.26_veh-26_00005_00427
cc2769dbb64c51c5,2021.06.07.18.53.26_veh-26_00005_00427
ead69cf7d81b5a39,2021.06.07.18.53.26_veh-26_00005_00427
65f1aecfc27158a7,2021.06.08.12.54.54_veh-26_04262_04732
802ffb33c2655bab,2021.06.08.12.54.54_veh-26_04262_04732
a1440abecb1e5bb7,2021.06.08.12.54.54_veh-26_04262_04732
b44c4df580515280,2021.06.08.12.54.54_veh-26_04262_04732
fdc8022873e05a22,2021.06.08.12.54.54_veh-26_04262_04732
2284b9d8a0f551b7,2021.06.08.14.35.24_veh-26_02555_03004
379b9337542359bd,2021.06.08.14.35.24_veh-26_02555_03004
475241a1683159b9,2021.06.08.14.35.24_veh-26_02555_03004
8d01189ae3605da4,2021.06.08.14.35.24_veh-26_02555_03004
94fa3bcc599852fa,2021.06.08.14.35.24_veh-26_02555_03004
9c633dbf7f8f5642,2021.06.08.14.35.24_veh-26_02555_03004
9f379bc415ef56bc,2021.06.08.14.35.24_veh-26_02555_03004
a49872d2b9165d3a,2021.06.08.14.35.24_veh-26_02555_03004
a7289f730e7f5ef2,2021.06.08.14.35.24_veh-26_02555_03004
b18f531dcca75679,2021.06.08.14.35.24_veh-26_02555_03004
b549b6c92312537d,2021.06.08.14.35.24_veh-26_02555_03004
c635be4959ce596a,2021.06.08.14.35.24_veh-26_02555_03004
faa042f84c4f585a,2021.06.08.14.35.24_veh-26_02555_03004
18cf7d6f96f45847,2021.06.08.16.31.33_veh-38_01589_02072
2d63eaba6813539f,2021.06.08.16.31.33_veh-38_01589_02072
449ee74c03685eee,2021.06.08.16.31.33_veh-38_01589_02072
4b757b7cb6d355f6,2021.06.08.16.31.33_veh-38_01589_02072
61a58546ffef531e,2021.06.08.16.31.33_veh-38_01589_02072
e986ae1d5f0453db,2021.06.08.16.31.33_veh-38_01589_02072
ed15c501931652d8,2021.06.08.16.31.33_veh-38_01589_02072
0160a218dc9051bd,2021.06.09.11.54.15_veh-12_04366_04810
02536b72a70250d3,2021.06.09.11.54.15_veh-12_04366_04810
1c4f3c5e6d2757a1,2021.06.09.11.54.15_veh-12_04366_04810
6774548111cb5ba4,2021.06.09.11.54.15_veh-12_04366_04810
6e201d97d1ef5b4b,2021.06.09.11.54.15_veh-12_04366_04810
92a2e2b8b0dd596b,2021.06.09.11.54.15_veh-12_04366_04810
ab2748438f5d5a4d,2021.06.09.11.54.15_veh-12_04366_04810
b01ded0854cc50fc,2021.06.09.11.54.15_veh-12_04366_04810
b4b65ccd6ba257e7,2021.06.09.11.54.15_veh-12_04366_04810
bad530d745d25cd7,2021.06.09.11.54.15_veh-12_04366_04810
d6a0e6c1f41856ba,2021.06.09.11.54.15_veh-12_04366_04810
dace7f508e4b5070,2021.06.09.11.54.15_veh-12_04366_04810
5d822115e0355e79,2021.06.09.12.39.51_veh-26_01943_02303
5dd66fecd1b4523b,2021.06.09.12.39.51_veh-26_01943_02303
62b48ee81269527a,2021.06.09.12.39.51_veh-26_01943_02303
7e60d2df0fe75f4d,2021.06.09.12.39.51_veh-26_01943_02303
a64559b4247653b7,2021.06.09.12.39.51_veh-26_01943_02303
b30137ce1d255963,2021.06.09.12.39.51_veh-26_01943_02303
c4c63aa759ab5608,2021.06.09.12.39.51_veh-26_01943_02303
deb0dc3f9b1854fe,2021.06.09.12.39.51_veh-26_01943_02303
f8f68a72011f5946,2021.06.09.12.39.51_veh-26_01943_02303
92095189951055a5,2021.06.09.12.39.51_veh-26_05620_06003
a8c672e753205374,2021.06.09.12.39.51_veh-26_05620_06003
f0af55653c6252e7,2021.06.09.12.39.51_veh-26_05620_06003
5a728803325e5b78,2021.06.09.14.03.17_veh-12_02584_02970
d3b3922b4d86538b,2021.06.09.14.03.17_veh-12_02584_02970
f1b03e919a945d9a,2021.06.09.14.03.17_veh-12_02584_02970
3bff7854120758f4,2021.06.09.14.58.55_veh-35_01095_01484
3f12b84004b15310,2021.06.09.14.58.55_veh-35_01894_02311
ffcc82847bfb5568,2021.06.09.14.58.55_veh-35_01894_02311
46426db4636d52a9,2021.06.09.17.23.18_veh-38_00773_01140
6b8791b769f05a76,2021.06.09.17.23.18_veh-38_00773_01140
81765223f59055e3,2021.06.09.17.23.18_veh-38_00773_01140
94f635177ffc585c,2021.06.09.17.23.18_veh-38_00773_01140
996fd357a40d5a5a,2021.06.09.17.23.18_veh-38_00773_01140
a1b3a17fb07c54ef,2021.06.09.17.23.18_veh-38_00773_01140
106da21b5dfd5c7e,2021.06.09.17.23.18_veh-38_02526_03027
1c669b68dc3d5689,2021.06.09.17.23.18_veh-38_02526_03027
299305dd47bc5d38,2021.06.09.17.23.18_veh-38_02526_03027
3fbc9ed475f55789,2021.06.09.17.23.18_veh-38_02526_03027
7496010433ac52fc,2021.06.09.17.23.18_veh-38_02526_03027
7fd9993b713f5c5d,2021.06.09.17.23.18_veh-38_02526_03027
7fef65fc1de658d6,2021.06.09.17.23.18_veh-38_02526_03027
8a94ea8cb82c55ad,2021.06.09.17.23.18_veh-38_02526_03027
8c2de95fb8a45d80,2021.06.09.17.23.18_veh-38_02526_03027
9228a7e1115d5bcd,2021.06.09.17.23.18_veh-38_02526_03027
935eae9f2b155370,2021.06.09.17.23.18_veh-38_02526_03027
9fd0bccf54215014,2021.06.09.17.23.18_veh-38_02526_03027
d2f55d2de2175a6b,2021.06.09.17.23.18_veh-38_02526_03027
d4c0bd232e0b5c6f,2021.06.09.17.23.18_veh-38_02526_03027
d5cf652a8ddf5a46,2021.06.09.17.23.18_veh-38_02526_03027
e359f23c0429503b,2021.06.09.17.23.18_veh-38_02526_03027
f32a4e9c1f425498,2021.06.09.17.23.18_veh-38_02526_03027
f62055fb4d8153a6,2021.06.09.17.23.18_veh-38_02526_03027
2e186fa01d9a5c49,2021.06.09.17.37.09_veh-12_00404_00864
4a6671190875522e,2021.06.09.17.37.09_veh-12_00404_00864
54e709ae0ac25df4,2021.06.09.17.37.09_veh-12_00404_00864
7423d156df485c8b,2021.06.09.17.37.09_veh-12_00404_00864
80cbdb8c0937598d,2021.06.09.17.37.09_veh-12_00404_00864
8ddcdb6f215b504c,2021.06.09.17.37.09_veh-12_00404_00864
9b342d0967445869,2021.06.09.17.37.09_veh-12_00404_00864
b8a96fba2cbb5db5,2021.06.09.17.37.09_veh-12_00404_00864
ba138477116b5956,2021.06.09.17.37.09_veh-12_00404_00864
ce44016cafca5b38,2021.06.09.17.37.09_veh-12_00404_00864
e436d91a140e5cc2,2021.06.09.17.37.09_veh-12_00404_00864
f95ed06f01b458a8,2021.06.09.17.37.09_veh-12_00404_00864
fc4ab990e1dc5729,2021.06.09.17.37.09_veh-12_00404_00864
fc4af6a05e4e522e,2021.06.09.17.37.09_veh-12_00404_00864
00f53a22cb3e5bd6,2021.06.14.16.32.09_veh-35_05038_05402
a3870f56871e53d6,2021.06.14.16.32.09_veh-35_05038_05402
3b8448effb715dc4,2021.06.14.16.48.02_veh-12_04057_04438
659676efe11b58ca,2021.06.14.16.48.02_veh-12_04057_04438
a6e6dbdddc175b7b,2021.06.14.16.48.02_veh-12_04057_04438
cd00be51b43a5281,2021.06.14.16.48.02_veh-12_04057_04438
d6034aee9d38501a,2021.06.14.16.48.02_veh-12_04057_04438
e461c5837379517d,2021.06.14.16.48.02_veh-12_04057_04438
ed76dc6f7f9c5109,2021.06.14.16.48.02_veh-12_04057_04438
47fc4cd82c45583c,2021.06.14.16.48.02_veh-12_04978_05337
5958ec1af5b1596d,2021.06.14.16.48.02_veh-12_04978_05337
5d57c054b8155bd3,2021.06.14.16.48.02_veh-12_04978_05337
b1b22a6803555b20,2021.06.14.16.48.02_veh-12_04978_05337
b311296a0576508c,2021.06.14.16.48.02_veh-12_04978_05337
d7ea3bb97a875a66,2021.06.14.16.48.02_veh-12_04978_05337
402aa5d9a51e587c,2021.06.14.17.26.26_veh-38_04544_04920
7af34f0692605ad1,2021.06.14.17.26.26_veh-38_04544_04920
885c3798916e5de8,2021.06.14.17.26.26_veh-38_04544_04920
9812dd2e53325739,2021.06.14.17.26.26_veh-38_04544_04920
a0fb759537085455,2021.06.14.17.26.26_veh-38_04544_04920
abe70bb253d250e4,2021.06.14.17.26.26_veh-38_04544_04920
e8c95dd46509501d,2021.06.14.17.26.26_veh-38_04544_04920
0ac8e7379a575bb6,2021.06.14.18.33.41_veh-35_03901_04264
1c6d28bbaa095e41,2021.06.14.18.33.41_veh-35_03901_04264
3b6e0e24fe5a5f5c,2021.06.14.18.33.41_veh-35_03901_04264
6ed00f2d55aa51a8,2021.06.14.18.33.41_veh-35_03901_04264
7c258cb6d64e5125,2021.06.14.18.33.41_veh-35_03901_04264
813b2926451158e8,2021.06.14.18.33.41_veh-35_03901_04264
8561c627f83a5aac,2021.06.14.18.33.41_veh-35_03901_04264
92a06bf5c99159f3,2021.06.14.18.33.41_veh-35_03901_04264
a41654d17b2156e6,2021.06.14.18.33.41_veh-35_03901_04264
ac55f8a48f2f52d0,2021.06.14.18.33.41_veh-35_03901_04264
add6e2410d5b5086,2021.06.14.18.33.41_veh-35_03901_04264
cdd7067da1925464,2021.06.14.18.33.41_veh-35_03901_04264
077780f7790b584c,2021.06.14.18.42.45_veh-12_03445_03902
08766082c4ef5ae8,2021.06.14.18.42.45_veh-12_03445_03902
1872470c12e85ed8,2021.06.14.18.42.45_veh-12_03445_03902
1971c4278e675b9d,2021.06.14.18.42.45_veh-12_03445_03902
3ebe4c8a20155459,2021.06.14.18.42.45_veh-12_03445_03902
65af3db384d05ac0,2021.06.14.18.42.45_veh-12_03445_03902
9084cb3c199750e3,2021.06.14.18.42.45_veh-12_03445_03902
9de4f939d84557e3,2021.06.14.18.42.45_veh-12_03445_03902
c3e5047f2ff85e9a,2021.06.14.18.42.45_veh-12_03445_03902
f8490d92c5b65e2b,2021.06.14.18.42.45_veh-12_03445_03902
8d7068683c385c08,2021.06.14.19.22.11_veh-38_01480_01860
9aab9b217ae25c29,2021.06.14.19.22.11_veh-38_01480_01860
1ab8bf700e085f68,2021.06.23.15.56.12_veh-16_00839_01285
200da70adf745073,2021.06.23.15.56.12_veh-16_00839_01285
43b5a9e3bd355d96,2021.06.23.15.56.12_veh-16_00839_01285
59e57a9c10e2553b,2021.06.23.15.56.12_veh-16_00839_01285
6bd5db4d9e095ecf,2021.06.23.15.56.12_veh-16_00839_01285
6e39441d943a59c2,2021.06.23.15.56.12_veh-16_00839_01285
dedb7c5e3604529e,2021.06.23.15.56.12_veh-16_00839_01285
1267703b37a25911,2021.06.23.16.54.19_veh-35_00808_01256
165e96e510d1580d,2021.06.23.16.54.19_veh-35_00808_01256
601bc1f8a2dd5535,2021.06.23.16.54.19_veh-35_00808_01256
63910f7e61dd5202,2021.06.23.16.54.19_veh-35_00808_01256
7720676b79de5576,2021.06.23.16.54.19_veh-35_00808_01256
94c075284a935bbb,2021.06.23.16.54.19_veh-35_00808_01256
b386ea967bea597c,2021.06.23.16.54.19_veh-35_00808_01256
0612ae5a43ea5e14,2021.06.23.17.31.36_veh-16_00016_00377
1e7bb5730b095273,2021.06.23.17.31.36_veh-16_00016_00377
3fa2f81cff025162,2021.06.23.17.31.36_veh-16_00016_00377
404cf17b53805018,2021.06.23.17.31.36_veh-16_00016_00377
4bb5e84b73765d38,2021.06.23.17.31.36_veh-16_00016_00377
5a8f0cf120495354,2021.06.23.17.31.36_veh-16_00016_00377
6339f2317047535d,2021.06.23.17.31.36_veh-16_00016_00377
710c63523d4d5e05,2021.06.23.17.31.36_veh-16_00016_00377
79bd7ba72d985b0b,2021.06.23.17.31.36_veh-16_00016_00377
9ae5a292b89155a0,2021.06.23.17.31.36_veh-16_00016_00377
cb8765fe0d6a535b,2021.06.23.17.31.36_veh-16_00016_00377
066c0c3f45915cba,2021.06.28.15.02.02_veh-38_02398_02848
105e820419e05224,2021.06.28.15.02.02_veh-38_02398_02848
18a85f2812b45525,2021.06.28.15.02.02_veh-38_02398_02848
59159c92e5d9571d,2021.06.28.15.02.02_veh-38_02398_02848
5d058c203f765173,2021.06.28.15.02.02_veh-38_02398_02848
6cfeeb3aab5b5681,2021.06.28.15.02.02_veh-38_02398_02848
76dd2e9ad6f753b8,2021.06.28.15.02.02_veh-38_02398_02848
79984c4826f653fd,2021.06.28.15.02.02_veh-38_02398_02848
7bacd3cec5df553f,2021.06.28.15.02.02_veh-38_02398_02848
8ce2cf49a1955788,2021.06.28.15.02.02_veh-38_02398_02848
9e0633fbdeac55bb,2021.06.28.15.02.02_veh-38_02398_02848
bd4be260be50516f,2021.06.28.15.02.02_veh-38_02398_02848
c37a081992495a0e,2021.06.28.15.02.02_veh-38_02398_02848
ce2de8af70e05a57,2021.06.28.15.02.02_veh-38_02398_02848
3010009fcb295507,2021.06.28.16.29.11_veh-38_01415_01821
3a61d7ced3ca590d,2021.06.28.16.29.11_veh-38_01415_01821
803569f800575929,2021.06.28.16.29.11_veh-38_01415_01821
88d08f76270d5e37,2021.06.28.16.29.11_veh-38_01415_01821
a5c9bcab52165145,2021.06.28.16.29.11_veh-38_01415_01821
c0ee4f794af35185,2021.06.28.16.29.11_veh-38_01415_01821
0df7b61597705cf2,2021.06.28.16.29.11_veh-38_03263_03766
3c448f4385bf58e1,2021.06.28.16.29.11_veh-38_03263_03766
443099f672655d56,2021.06.28.16.29.11_veh-38_03263_03766
56ee72d8678154b5,2021.06.28.16.29.11_veh-38_03263_03766
64a1d44d73015a60,2021.06.28.16.29.11_veh-38_03263_03766
71fefe3bc0f0591e,2021.06.28.16.29.11_veh-38_03263_03766
766a723ba30f574c,2021.06.28.16.29.11_veh-38_03263_03766
7cdcc814be255d9f,2021.06.28.16.29.11_veh-38_03263_03766
854521fe3b945040,2021.06.28.16.29.11_veh-38_03263_03766
bcd38d9246695d74,2021.06.28.16.29.11_veh-38_03263_03766
bd1e37aab1c7530f,2021.06.28.16.29.11_veh-38_03263_03766
ce1f8997a8ce502b,2021.06.28.16.29.11_veh-38_03263_03766
d5085a26c5915a49,2021.06.28.16.29.11_veh-38_03263_03766
d69b6aacdd0459e3,2021.06.28.16.29.11_veh-38_03263_03766
d8c6aedcb54a56fb,2021.06.28.16.29.11_veh-38_03263_03766
2256b2a677aa5509,2021.06.28.16.57.59_veh-26_00016_00484
4e1e5dfc07e459cd,2021.06.28.16.57.59_veh-26_00016_00484
65107c981e1c568c,2021.06.28.16.57.59_veh-26_00016_00484
806b014bc8c15160,2021.06.28.16.57.59_veh-26_00016_00484
86c897328378504d,2021.06.28.16.57.59_veh-26_00016_00484
91aeae3843455c34,2021.06.28.16.57.59_veh-26_00016_00484
c672f1584cb75697,2021.06.28.16.57.59_veh-26_00016_00484
c8b422346e1f5252,2021.06.28.16.57.59_veh-26_00016_00484
d32336b185505124,2021.06.28.16.57.59_veh-26_00016_00484
d4e5d3e55e3751f9,2021.06.28.16.57.59_veh-26_00016_00484
e826fc97761759f9,2021.06.28.16.57.59_veh-26_00016_00484
ee835ef3f912599c,2021.06.28.16.57.59_veh-26_00016_00484
01d3a49577c256d6,2021.07.09.17.06.37_veh-35_00258_00748
22f6e92516805d17,2021.07.09.17.06.37_veh-35_00258_00748
27c35bdaec645591,2021.07.09.17.06.37_veh-35_00258_00748
56340678014752ff,2021.07.09.17.06.37_veh-35_00258_00748
5ea3c0ec480e5213,2021.07.09.17.06.37_veh-35_00258_00748
8e83aa46b4e350f0,2021.07.09.17.06.37_veh-35_00258_00748
8ed0f2cb1f2b5a8d,2021.07.09.17.06.37_veh-35_00258_00748
9690e454aaef531a,2021.07.09.17.06.37_veh-35_00258_00748
9ac3d5ecd8b55965,2021.07.09.17.06.37_veh-35_00258_00748
b037a6dedefd50c0,2021.07.09.17.06.37_veh-35_00258_00748
b350d0c1fd0a532a,2021.07.09.17.06.37_veh-35_00258_00748
ea963d5373bd5a56,2021.07.09.17.06.37_veh-35_00258_00748
fb8576d2ca7550e8,2021.07.09.17.06.37_veh-35_00258_00748
028125098bb45d66,2021.07.09.20.59.12_veh-38_01208_01692
0cd8b5151f03580f,2021.07.09.20.59.12_veh-38_01208_01692
35d1e07f6df25694,2021.07.09.20.59.12_veh-38_01208_01692
3aa75da19a2e55a8,2021.07.09.20.59.12_veh-38_01208_01692
4b10d7d9e7465633,2021.07.09.20.59.12_veh-38_01208_01692
6d7c98517e0f5a67,2021.07.09.20.59.12_veh-38_01208_01692
9675b8faded55d6c,2021.07.09.20.59.12_veh-38_01208_01692
e211bc381c495980,2021.07.09.20.59.12_veh-38_01208_01692
1b55b0b3663c5224,2021.07.16.00.51.05_veh-17_01352_01901
3d2d79069bb45530,2021.07.16.00.51.05_veh-17_01352_01901
3e0da2d159655124,2021.07.16.00.51.05_veh-17_01352_01901
4584628100405d03,2021.07.16.00.51.05_veh-17_01352_01901
481eb6bee4545a5b,2021.07.16.00.51.05_veh-17_01352_01901
6f4131a328bc58b7,2021.07.16.00.51.05_veh-17_01352_01901
adfb4218735f5137,2021.07.16.00.51.05_veh-17_01352_01901
e269ac7ae792577b,2021.07.16.00.51.05_veh-17_01352_01901
e4549edf1d405a17,2021.07.16.00.51.05_veh-17_01352_01901
e6fb80d2ad2e53c3,2021.07.16.00.51.05_veh-17_01352_01901
ed43e43517f358d3,2021.07.16.00.51.05_veh-17_01352_01901
f9b38490d7155d84,2021.07.16.00.51.05_veh-17_01352_01901
01cbcd1439e05cbc,2021.07.16.18.06.21_veh-38_03231_03712
1ca4fb094dd0522e,2021.07.16.18.06.21_veh-38_03231_03712
3cbed749b81d5b10,2021.07.16.18.06.21_veh-38_03231_03712
4ec9390e0cea5cde,2021.07.16.18.06.21_veh-38_03231_03712
78f39692bcf85cb2,2021.07.16.18.06.21_veh-38_03231_03712
b2c8a3ec1fcc54e8,2021.07.16.18.06.21_veh-38_03231_03712
01a303fd4e9d54d5,2021.07.16.18.06.21_veh-38_04471_04922
1b01b4ef87c951b7,2021.07.16.18.06.21_veh-38_04471_04922
7810122d0b665743,2021.07.16.18.06.21_veh-38_04471_04922
9632a1ccd0225e0d,2021.07.16.18.06.21_veh-38_04471_04922
143f361b85455570,2021.07.16.18.06.21_veh-38_04933_05307
40054f2ae3cd58e3,2021.07.16.18.06.21_veh-38_04933_05307
5d418a19150a56bb,2021.07.16.18.06.21_veh-38_04933_05307
62981e97b1e35af5,2021.07.16.18.06.21_veh-38_04933_05307
64804276ef9559dc,2021.07.16.18.06.21_veh-38_04933_05307
7ff41f319fa05811,2021.07.16.18.06.21_veh-38_04933_05307
8fb4110a350b5f17,2021.07.16.18.06.21_veh-38_04933_05307
90a79351977a5f32,2021.07.16.18.06.21_veh-38_04933_05307
ac6d71dda508553f,2021.07.16.18.06.21_veh-38_04933_05307
d9d70933c5da52a2,2021.07.16.18.06.21_veh-38_04933_05307
f057a88aaf1758b2,2021.07.16.18.06.21_veh-38_04933_05307
0a8e8b7e94be5474,2021.07.16.18.19.22_veh-35_00440_00858
157821b8660e540b,2021.07.16.18.19.22_veh-35_00440_00858
20f4b98587d25c47,2021.07.16.18.19.22_veh-35_00440_00858
624e63bf86d45ad7,2021.07.16.18.19.22_veh-35_00440_00858
735f3809d5215122,2021.07.16.18.19.22_veh-35_00440_00858
7a994056ade950d8,2021.07.16.18.19.22_veh-35_00440_00858
807dbc5ee447562b,2021.07.16.18.19.22_veh-35_00440_00858
834bb4167b885e57,2021.07.16.18.19.22_veh-35_00440_00858
914ee770e05e5ba1,2021.07.16.18.19.22_veh-35_00440_00858
94a77891082251d3,2021.07.16.18.19.22_veh-35_00440_00858
c6a199989fe9578f,2021.07.16.18.19.22_veh-35_00440_00858
d84f5656f4f753e4,2021.07.16.18.19.22_veh-35_00440_00858
dd3b8e9368be579f,2021.07.16.18.19.22_veh-35_00440_00858
18caa25c2a115f0a,2021.07.16.20.45.29_veh-35_00600_01084
5018ed61502d50f6,2021.07.16.20.45.29_veh-35_00600_01084
55842ddf5acd54a3,2021.07.16.20.45.29_veh-35_00600_01084
67ace6f3cd2051ef,2021.07.16.20.45.29_veh-35_00600_01084
6ebe7ac324ef56c8,2021.07.16.20.45.29_veh-35_00600_01084
70d3811d0cab5067,2021.07.16.20.45.29_veh-35_00600_01084
a7995c1f914c5d0d,2021.07.16.20.45.29_veh-35_00600_01084
aacf46ffaf2852f4,2021.07.16.20.45.29_veh-35_00600_01084
b3437b1cf6ee56d3,2021.07.16.20.45.29_veh-35_00600_01084
d7aa6b013c7c56ec,2021.07.16.20.45.29_veh-35_00600_01084
3efa6ffa4fe25c6c,2021.07.16.20.45.29_veh-35_01095_01486
8c9ee15aa2355c99,2021.07.16.20.45.29_veh-35_01095_01486
923dda2177545f0e,2021.07.16.20.45.29_veh-35_01095_01486
97e95edf011e57a0,2021.07.16.20.45.29_veh-35_01095_01486
a15ea164cfe85b2b,2021.07.16.20.45.29_veh-35_01095_01486
b411f5bef10e59b7,2021.07.16.20.45.29_veh-35_01095_01486
eaa80ba41cc55f65,2021.07.16.20.45.29_veh-35_01095_01486
fdae7ff3ee06523d,2021.07.16.20.45.29_veh-35_01095_01486
19de57bdeb3052a4,2021.07.24.20.37.45_veh-17_00015_00375
1bf100f880f558d6,2021.07.24.20.37.45_veh-17_00015_00375
307f5f9b4eeb517e,2021.07.24.20.37.45_veh-17_00015_00375
32cdbb04af4856c0,2021.07.24.20.37.45_veh-17_00015_00375
494fade53c845a1b,2021.07.24.20.37.45_veh-17_00015_00375
5ee3295e24b257b8,2021.07.24.20.37.45_veh-17_00015_00375
912445777d8c592b,2021.07.24.20.37.45_veh-17_00015_00375
cebac405bc31584f,2021.07.24.20.37.45_veh-17_00015_00375
e579b642c3845df8,2021.07.24.20.37.45_veh-17_00015_00375
ec5e6f2f4d565c4c,2021.07.24.20.37.45_veh-17_00015_00375
4a5e3ac0ccc75a68,2021.07.24.23.50.16_veh-17_01696_02071
4fbb787fadf25c9c,2021.07.24.23.50.16_veh-17_01696_02071
525d50c3a0395264,2021.07.24.23.50.16_veh-17_01696_02071
669f927303ee54a8,2021.07.24.23.50.16_veh-17_01696_02071
83692bf833a15025,2021.07.24.23.50.16_veh-17_01696_02071
e63519408deb5931,2021.07.24.23.50.16_veh-17_01696_02071
e6acce4cea5152e2,2021.07.24.23.50.16_veh-17_01696_02071
e4e9bb5cf9fb5e89,2021.08.09.17.55.59_veh-28_00021_00307
1f00a870fb3458b1,2021.08.17.16.57.11_veh-08_01200_01636
21ba6fc7671d5a95,2021.08.17.16.57.11_veh-08_01200_01636
2a7f092d10885cf1,2021.08.17.16.57.11_veh-08_01200_01636
5ada4c7a67155a8f,2021.08.17.16.57.11_veh-08_01200_01636
7aaa999404bc5b7e,2021.08.17.16.57.11_veh-08_01200_01636
98b18fb255445bb1,2021.08.17.16.57.11_veh-08_01200_01636
aa9a9fdb89275acb,2021.08.17.16.57.11_veh-08_01200_01636
af4f40d2f07d5a92,2021.08.17.16.57.11_veh-08_01200_01636
b8e3585d666259f4,2021.08.17.16.57.11_veh-08_01200_01636
df98d316a00252ee,2021.08.17.16.57.11_veh-08_01200_01636
e135dfbd00cc5b11,2021.08.17.16.57.11_veh-08_01200_01636
f211df82899b5b78,2021.08.17.16.57.11_veh-08_01200_01636
00b34c91088a5f04,2021.08.17.17.17.01_veh-45_02314_02798
0386720f697155c5,2021.08.17.17.17.01_veh-45_02314_02798
3c8b59aa1b175a25,2021.08.17.17.17.01_veh-45_02314_02798
5b912402f6335fb1,2021.08.17.17.17.01_veh-45_02314_02798
6f4abd78d3da56fe,2021.08.17.17.17.01_veh-45_02314_02798
7b2d768bf14b5767,2021.08.17.17.17.01_veh-45_02314_02798
8a2feb24de395309,2021.08.17.17.17.01_veh-45_02314_02798
9c3ce3b6a55c5907,2021.08.17.17.17.01_veh-45_02314_02798
bd1e5e7e9c975f54,2021.08.17.17.17.01_veh-45_02314_02798
c3710fb597c05b38,2021.08.17.17.17.01_veh-45_02314_02798
d6ae2f654344509d,2021.08.17.17.17.01_veh-45_02314_02798
f2f46b43681f5a58,2021.08.17.17.17.01_veh-45_02314_02798
f4db4b31f9265123,2021.08.17.17.17.01_veh-45_02314_02798
2c52f45993a257af,2021.08.17.18.54.02_veh-45_00665_01065
4d24781a33345c18,2021.08.17.18.54.02_veh-45_00665_01065
72b0239d79175353,2021.08.17.18.54.02_veh-45_00665_01065
815132c8f2b4594e,2021.08.17.18.54.02_veh-45_00665_01065
b5a0006f39005cee,2021.08.17.18.54.02_veh-45_00665_01065
c4458a8bf3e955e2,2021.08.17.18.54.02_veh-45_00665_01065
e459687c42925b9a,2021.08.17.18.54.02_veh-45_00665_01065
0715626fc800527e,2021.08.30.14.54.34_veh-40_00439_00835
0ddc071278375700,2021.08.30.14.54.34_veh-40_00439_00835
24ae3c9d96485b98,2021.08.30.14.54.34_veh-40_00439_00835
342982275eb15441,2021.08.30.14.54.34_veh-40_00439_00835
3e09a3c33726545c,2021.08.30.14.54.34_veh-40_00439_00835
652e91c4f9b1505a,2021.08.30.14.54.34_veh-40_00439_00835
673a88a4037f5b6b,2021.08.30.14.54.34_veh-40_00439_00835
9820fb92380b522b,2021.08.30.14.54.34_veh-40_00439_00835
a988872adfe45a71,2021.08.30.14.54.34_veh-40_00439_00835
c0b8f52197ac558c,2021.08.30.14.54.34_veh-40_00439_00835
fa7f471f19aa5806,2021.08.30.14.54.34_veh-40_00439_00835
21b54e6d58985ae3,2021.09.16.15.12.03_veh-42_01037_01434
355dadd64723531e,2021.09.16.15.12.03_veh-42_01037_01434
51e7c560a43d5a25,2021.09.16.15.12.03_veh-42_01037_01434
5f402207dd7d5977,2021.09.16.15.12.03_veh-42_01037_01434
70ee383e3b335c16,2021.09.16.15.12.03_veh-42_01037_01434
742ac4ddb9d7557d,2021.09.16.15.12.03_veh-42_01037_01434
9e28afceaa155cf4,2021.09.16.15.12.03_veh-42_01037_01434
d8c1754607175755,2021.09.16.15.12.03_veh-42_01037_01434
d9fac9fdd2bd5036,2021.09.16.15.12.03_veh-42_01037_01434
dd2b5010e1d25d72,2021.09.16.15.12.03_veh-42_01037_01434
e7a7c61c543e5b88,2021.09.16.15.12.03_veh-42_01037_01434
f23d4a49b1c753bc,2021.09.16.15.12.03_veh-42_01037_01434
013f7d2193995163,2021.10.01.19.16.42_veh-28_02011_02410
22a56bd67d9c5183,2021.10.01.19.16.42_veh-28_02011_02410
258325ee3fe65b51,2021.10.01.19.16.42_veh-28_02011_02410
28f70bd9ad9f52b2,2021.10.01.19.16.42_veh-28_02011_02410
2a1db78f15e55d74,2021.10.01.19.16.42_veh-28_02011_02410
3b96012de5d85ef5,2021.10.01.19.16.42_veh-28_02011_02410
bd67b68fea295e96,2021.10.01.19.16.42_veh-28_02011_02410
f30a714dd2af598d,2021.10.01.19.16.42_veh-28_02011_02410
077e96d483225276,2021.10.01.19.16.42_veh-28_03307_03808
09b2b571bb63520c,2021.10.01.19.16.42_veh-28_03307_03808
2f9035e24e0c5253,2021.10.01.19.16.42_veh-28_03307_03808
4605de88aeb05903,2021.10.01.19.16.42_veh-28_03307_03808
55fa5e002dfa56d0,2021.10.01.19.16.42_veh-28_03307_03808
781efb1b870a58d4,2021.10.01.19.16.42_veh-28_03307_03808
83812eaf10c25b0d,2021.10.01.19.16.42_veh-28_03307_03808
83e30382af9d5c39,2021.10.01.19.16.42_veh-28_03307_03808
900cf7a936095899,2021.10.01.19.16.42_veh-28_03307_03808
b16709d711fd5097,2021.10.01.19.16.42_veh-28_03307_03808
bf44c74478445bdc,2021.10.01.19.16.42_veh-28_03307_03808
cf8a7ca3e5d95343,2021.10.01.19.16.42_veh-28_03307_03808
ef43fe502d605e3b,2021.10.01.19.16.42_veh-28_03307_03808
f8e205ba18865d15,2021.10.01.19.16.42_veh-28_03307_03808
f938432bb4d858c1,2021.10.01.19.16.42_veh-28_03307_03808
04135bd8a81759fa,2021.10.05.07.10.04_veh-52_01442_01802
1e4bcd38cf585d97,2021.10.05.07.10.04_veh-52_01442_01802
1ffe67c3104053f6,2021.10.05.07.10.04_veh-52_01442_01802
243ea67f27195c7c,2021.10.05.07.10.04_veh-52_01442_01802
272ca65d545a5e6d,2021.10.05.07.10.04_veh-52_01442_01802
2a49470a5a0050a4,2021.10.05.07.10.04_veh-52_01442_01802
32f0e82c629d5862,2021.10.05.07.10.04_veh-52_01442_01802
4a3a4d54cc0851da,2021.10.05.07.10.04_veh-52_01442_01802
5ccd6d1ffdc752a8,2021.10.05.07.10.04_veh-52_01442_01802
639929a485e1582f,2021.10.05.07.10.04_veh-52_01442_01802
6a75ce4874df52b7,2021.10.05.07.10.04_veh-52_01442_01802
724e53e4efef58b8,2021.10.05.07.10.04_veh-52_01442_01802
755751098c88566f,2021.10.05.07.10.04_veh-52_01442_01802
82385db0a426578d,2021.10.05.07.10.04_veh-52_01442_01802
83ee8f2c7d655e4b,2021.10.05.07.10.04_veh-52_01442_01802
8bc34517e08758ff,2021.10.05.07.10.04_veh-52_01442_01802
8c2192a817225ae4,2021.10.05.07.10.04_veh-52_01442_01802
a1903f64f4815505,2021.10.05.07.10.04_veh-52_01442_01802
b772d3f5334b52bb,2021.10.05.07.10.04_veh-52_01442_01802
b9f85e394ac95269,2021.10.05.07.10.04_veh-52_01442_01802
e568957bee5b5b1e,2021.10.05.07.10.04_veh-52_01442_01802
14f724bc59705bb4,2021.10.06.07.26.10_veh-52_00006_00398
1801a3d3fffc57f5,2021.10.06.07.26.10_veh-52_00006_00398
1fa7d30105dd5ebd,2021.10.06.07.26.10_veh-52_00006_00398
2a30c259f67c561d,2021.10.06.07.26.10_veh-52_00006_00398
367ead111dcb5764,2021.10.06.07.26.10_veh-52_00006_00398
37b3d87596685948,2021.10.06.07.26.10_veh-52_00006_00398
38b01bebf6df5fb8,2021.10.06.07.26.10_veh-52_00006_00398
59c3714116c25a7c,2021.10.06.07.26.10_veh-52_00006_00398
69fab78920a55a7a,2021.10.06.07.26.10_veh-52_00006_00398
6a101cae21b1532d,2021.10.06.07.26.10_veh-52_00006_00398
80cbc88e2410561e,2021.10.06.07.26.10_veh-52_00006_00398
956e3aa8415b5712,2021.10.06.07.26.10_veh-52_00006_00398
a58d5374dae0552a,2021.10.06.07.26.10_veh-52_00006_00398
bff12156468e5f16,2021.10.06.07.26.10_veh-52_00006_00398
e9505f806d8d5998,2021.10.06.07.26.10_veh-52_00006_00398
edcad0bfc4b15515,2021.10.06.07.26.10_veh-52_00006_00398
f2909a9ad9cb552e,2021.10.06.07.26.10_veh-52_00006_00398
f4544174530b5715,2021.10.06.07.26.10_veh-52_00006_00398
36dd0d0bb6f45f01,2021.10.06.17.43.07_veh-28_00508_00877
579f7ea85a0b56ee,2021.10.06.17.43.07_veh-28_00508_00877
a78c6c301bdc5573,2021.10.06.17.43.07_veh-28_00508_00877
0cc07a3667f45039,2021.10.11.02.57.41_veh-50_00352_00535
25a9a31e600057b7,2021.10.11.02.57.41_veh-50_00352_00535
335c3686d3b356f3,2021.10.11.02.57.41_veh-50_00352_00535
36b0118c36d95b3f,2021.10.11.02.57.41_veh-50_00352_00535
452074cbdad6537b,2021.10.11.02.57.41_veh-50_00352_00535
a4baa9a721715069,2021.10.11.02.57.41_veh-50_00352_00535
d104844fde725c2a,2021.10.11.02.57.41_veh-50_00352_00535
02e78191bf845092,2021.10.11.02.57.41_veh-50_01522_02088
0f7b2eac06fb583b,2021.10.11.02.57.41_veh-50_01522_02088
1c922a7f96245491,2021.10.11.02.57.41_veh-50_01522_02088
3b33d44fb39a530b,2021.10.11.02.57.41_veh-50_01522_02088
92b7fb405f2f5ccf,2021.10.11.02.57.41_veh-50_01522_02088
9352f44f6db657df,2021.10.11.02.57.41_veh-50_01522_02088
9f37b5755d545c9b,2021.10.11.02.57.41_veh-50_01522_02088
a0ff0dff8e5d512f,2021.10.11.02.57.41_veh-50_01522_02088
aa96f52b95b155e7,2021.10.11.02.57.41_veh-50_01522_02088
ab0473e852235c3a,2021.10.11.02.57.41_veh-50_01522_02088
ad69184f0e215af6,2021.10.11.02.57.41_veh-50_01522_02088
ca9e7281adce5212,2021.10.11.02.57.41_veh-50_01522_02088
d38905854e5f55a3,2021.10.11.02.57.41_veh-50_01522_02088
ddfbc4edaaae53b5,2021.10.11.02.57.41_veh-50_01522_02088
e5f8dfb583be51bf,2021.10.11.02.57.41_veh-50_01522_02088
f0ac2804298b564f,2021.10.11.02.57.41_veh-50_01522_02088
f839f8d2874c5268,2021.10.11.02.57.41_veh-50_01522_02088
2836022321d45104,2021.10.11.07.12.18_veh-50_00211_00304
2b1dfa4a1cfc541c,2021.10.11.07.12.18_veh-50_00211_00304
2e0ec9c9c8fa51ba,2021.10.11.07.12.18_veh-50_00211_00304
39130d1d9c3455e7,2021.10.11.07.12.18_veh-50_00211_00304
8a61b6f43a50544d,2021.10.11.07.12.18_veh-50_00211_00304
b84cc6bcd6d75173,2021.10.11.07.12.18_veh-50_00211_00304
bb137ceaa889594b,2021.10.11.07.12.18_veh-50_00211_00304
e3e7831f42375ed4,2021.10.11.07.12.18_veh-50_00211_00304
2533671fb5a05c8f,2021.10.11.08.31.07_veh-50_01750_01948
48f75646bba35456,2021.10.11.08.31.07_veh-50_01750_01948
69dbb083c75b5cf5,2021.10.11.08.31.07_veh-50_01750_01948
88ea59b3f0235e02,2021.10.11.08.31.07_veh-50_01750_01948
8bce0eb3c7b65456,2021.10.11.08.31.07_veh-50_01750_01948
8eed113e54f65720,2021.10.11.08.31.07_veh-50_01750_01948
aba2ce98726d53d5,2021.10.11.08.31.07_veh-50_01750_01948
b2ad937212f85714,2021.10.11.08.31.07_veh-50_01750_01948
